top depth (m),bottom depth (m),delta D (per mil),delta 18O  (per mil),Deuterium Excess (per mil)
1600,1600.5,-278.2,-35.66,7.1
1600.5,1601,-287.7,-36.79,6.6
1601,1601.5,-264.3,-33.83,6.3
1601.5,1602,999999,999999,999999
1602,1602.5,-279.7,-35.86,7.1
1602.5,1603,-277.7,-35.56,6.8
1603,1603.5,-277.7,-35.66,7.6
1603.5,1604,-281.4,-36.39,9.7
1604,1604.5,-274.3,-35.19,7.2
1604.5,1605,-280.8,-35.96,6.9
1605,1605.5,-278.7,-35.73,7.1
1605.5,1606,-273.9,-35.07,6.6
1606,1606.5,-280.2,-35.91,7.1
1606.5,1607,-269.3,-34.57,7.2
1607,1607.5,-278.6,-35.79,7.7
1607.5,1608,-269.9,-34.73,7.9
1608,1608.5,-272.1,-34.97,7.7
1608.5,1609,-282.2,-36.04,6.1
1609,1609.5,-280.9,-35.95,6.7
1609.5,1610,-282.8,-36.28,7.4
1610,1610.5,-272.2,-34.96,7.4
1610.5,1611,-275,-35.22,6.8
1611,1611.5,-278.8,-35.82,7.8
1611.5,1612,-278.5,-35.7,7.1
1612,1612.5,-280.7,-36,7.3
1612.5,1613,-275.3,-35.4,8
1613.2,1613.5,-268,-34.48,7.9
1613.5,1613.8,-264.7,-34.03,7.5
1614,1614.5,-283.5,-36.46,8.2
1614.5,1615,-281,-36,7
1615,1615.5,-281.4,-36.07,7.2
1615.5,1616,-287.3,-36.77,6.9
1616,1616.5,-282.2,-36.23,7.7
1616.5,1617,-267.1,-34.39,8
1617,1617.5,-278.5,-35.73,7.3
1617.5,1618,-278.9,-35.72,6.9
1618,1618.5,-278.7,-35.66,6.6
1618.5,1619,-280.3,-35.92,7
1619,1619.5,-280.5,-35.63,4.5
1619.5,1620,-292.3,-37.3,6
1620,1620.5,-277.7,-35.54,6.6
1620.5,1621,-272.4,-34.87,6.5
1621,1621.5,-277.7,-35.36,5.2
1621.5,1622,-278.6,-35.69,6.9
1639,1639.5,-284.3,-36.13,4.7
1639.5,1640,-285.8,-36.6,7
1640,1640.5,-277.4,-35.56,7
1640.5,1641,-296.5,-37.43,3
1641,1641.5,-280.7,-35.77,5.4
1641.5,1642,-279.5,-35.32,3.1
1642,1642.5,-279.7,-35.66,5.6
1642.5,1643,-287.3,-36.3,3.1
1643,1643.5,-284.8,-36.15,4.4
1643.5,1644,-292.8,-37.05,3.5
1644,1644.5,-291,-36.71,2.7
1644.5,1645,-287.1,-36.3,3.3
1645,1645.5,-284.6,-35.87,2.3
1645.5,1646,-282.6,-35.94,4.9
1646.5,1647,-283.1,-36.04,5.2
1647,1647.5,-289.7,-36.57,2.8
1647.5,1648,-291.4,-36.84,3.3
1648,1648.5,-290.4,-36.66,2.9
1648.5,1649,-283.3,-36.15,5.9
1649,1649.5,-290,-36.58,2.6
1649.5,1650,-284.6,-36.2,5
1650,1650.5,-277.1,-35.32,5.4
1650.5,1651,-281.8,-35.67,3.5
1651,1651.5,-278,-35.44,5.5
1651.5,1652,-271,-34.26,3.1
1652,1652.5,-286.9,-36.29,3.5
1652.5,1653,-285.1,-36.33,5.6
1653,1653.75,-278,-35.57,6.6
1654.2,1654.5,-294.5,-37.19,3
1654.5,1655,-291.5,-37.33,7.2
1655,1655.5,-289.1,-36.66,4.2
1655.5,1656,-282.7,-35.68,2.8
1656,1656.5,-275.4,-34.82,3.2
1656.5,1657,-289.1,-36.97,6.6
1657,1657.5,-284.1,-36,3.9
1657.5,1658,-285.3,-36.32,5.3
1658,1658.5,-287.5,-36.31,3
1658.5,1659,-275.7,-35.06,4.8
1659,1659.5,-290.9,-36.86,3.9
1659.5,1660,-294.7,-37.44,4.8
1660,1660.5,-294.8,-37.5,5.2
1660.5,1661,-296.2,-37.7,5.4
1661.01,1661.5,-294.7,-37.71,7
1661.5,1662,-294.1,-37.91,9.2
1662.5,1663,-292.6,-37.03,3.7
1663,1663.5,-296.1,-37.6,4.7
1663.5,1664,-301.2,-38.43,6.2
1664,1664.5,-286.9,-36.76,7.2
1664.5,1665,-287.6,-36.81,6.9
1665,1665.5,-290.8,-36.89,4.3
1665.5,1666,-281.3,-35.64,3.8
1666,1666.5,-297.3,-37.52,2.8
1666.5,1667,-295.9,-37.75,6.1
1667,1667.5,-281.6,-35.77,4.6
1667.5,1668,-284.4,-36.06,4.1
1668,1668.5,-282,-36.01,6.1
1668.5,1669,-280.5,-35.64,4.6
1669,1669.5,-292.4,-37.14,4.7
1669.5,1670,-282.4,-35.98,5.5
1670,1670.5,-279,-35.14,2.1
1670.5,1671,-277.8,-35.39,5.3
1671,1671.5,-288.2,-36.22,1.5
1671.5,1672,-280.4,-35.43,3
1672,1672.5,-286.6,-36.28,3.6
1672.5,1673,-279.3,-35.28,2.9
1673,1673.4,-289.7,-36.64,3.4
1674,1674.5,-287.3,-36.59,5.4
1674.5,1675,-281.5,-35.95,6.1
1679.5,1680,-309.9,-39.86,9
1681.01,1681.5,-318.7,-40.48,5.1
1681.5,1681.8,-304.7,-38.83,5.9
1682.27,1682.5,-309.1,-39.4,6.1
1682.3,1682.5,-308.9,-39.57,7.6
1682.5,1683,-307.2,-39.25,6.9
1682.5,1683,-307.7,-38.99,4.2
1683,1683.5,-314.2,-39.93,5.3
1683.5,1684,-317.1,-40.67,8.2
1684,1684.5,-316.8,-40.33,5.9
1684.5,1685,-313.1,-40.1,7.8
1685.3,1685.5,-305.1,-39.2,8.4
1685.5,1686,-305.9,-38.97,5.9
1686,1686.6,-306.6,-39.35,8.2
1687,1687.7,-311.4,-39.91,7.9
1688,1688.5,-302.2,-38.73,7.6
1688.5,1689,-294.8,-37.74,7.2
1689,1689.5,-309.5,-39.47,6.2
1689.5,1690,-312.1,-39.77,6
1690,1690.5,-305.3,-39.13,7.7
1690.5,1691,-317.6,-40.68,7.8
1691,1691.5,-307.1,-39.09,5.6
1691.5,1692,-307.3,-38.93,4.2
1692,1692.5,-315.6,-40.46,8
1692.5,1693,-307.1,-39.18,6.3
1693,1693.5,-321.5,-41.3,8.9
1693.5,1694,-309.9,-39.83,8.8
1694,1694.5,-309.1,-39.43,6.3
1694.5,1695,-305.5,-39.17,7.8
1695,1695.5,-310.7,-39.53,5.5
1695.5,1696,-317.2,-40.26,4.9
1696,1696.5,-299.9,999999,999999
1696.5,1697,-298.3,999999,999999
1697,1697.5,-325.7,-41.34,5.1
1697.5,1698,-322.1,-41.16,7.2
1698,1698.5,-314.7,-40.13,6.3
1698.5,1699,-310.8,-39.65,6.4
1699,1699.5,-298.6,-38.06,5.9
1699.5,1700,-315,-40.46,8.7
1700,1700.5,-319.4,-40.59,5.3
1700.5,1701,-318.3,-40.55,6.1
1701.01,1701.5,-316.4,-40.42,7
1701.5,1702.11,-319.3,-40.7,6.3
1702.11,1702.5,-317.9,-40.52,6.2
1702.5,1703.1,-313.4,-40.36,9.4
1703,1703.5,-319.7,-40.86,7.3
1703.5,1704,-310.8,-39.74,7.1
1704,1704.5,-321.5,-41.42,9.9
1704.5,1705,-317.7,-40.76,8.4
1705,1705.5,-325.1,-41.41,6.2
1705.5,1706,-319,-40.5,4.9
1706,1706.5,-314,-40.13,7.1
1706.5,1707,-319.5,-40.86,7.4
1707,1707.5,-312.5,-39.8,5.9
1707.5,1708,-314.9,-40.06,5.6
1708,1708.5,-300.9,-38.52,7.2
1708.5,1709,-316.1,-39.67,1.2
1712.7,1713,-307.2,-38.92,4.1
1713,1713.5,-294.7,-37.72,7.1
1713.5,1713.85,-298,-37.76,4.1
1714,1714.5,-296,-37.42,3.4
1714.5,1715,-294.1,-37.77,8.1
1715,1715.5,-301.7,-38.4,5.5
1715.5,1716,-302,-38.53,6.2
1716,1716.5,-290.5,-37.08,6.1
1716.5,1717,-295,-37.48,4.9
1717,1717.5,-295.7,-37.45,3.8
1717.5,1718,-294.9,-37.47,4.9
1718,1718.5,-286,999999,999999
1718.5,1719,-316.4,999999,999999
1719,1719.5,-293.7,999999,999999
1719.5,1720,-303.5,999999,999999
1720,1720.5,-296,999999,999999
1720.5,1721,-303.7,999999,999999
1721,1721.5,-303,999999,999999
1721.5,1722,-309.2,999999,999999
1722,1722.5,-307.6,999999,999999
1722.5,1723,-311.2,999999,999999
1723,1723.5,-330.1,-42.11,6.8
1723.5,1724,-302.6,-38.5,5.4
1724,1724.5,-302.4,999999,999999
1724.5,1725,-305.6,999999,999999
1725,1725.5,-307.7,-38.91,3.5
1725.5,1726,-308.1,-39.06,4.4
1726,1726.5,-312,999999,999999
1726.5,1727,-310.3,999999,999999
1727,1727.5,-299.2,999999,999999
1727.5,1728,-298.1,999999,999999
1728,1728.5,-300.7,999999,999999
1728.5,1729,-297.5,999999,999999
1729,1729.5,-298.9,-38.05,5.5
1729.5,1730,-304.2,-38.87,6.7
1730,1730.5,-300.5,-37.95,3.1
1730.5,1731,-300.8,-37.95,2.8
1731,1731.5,-297.4,-37.41,1.9
1731.5,1732,-302.3,-38.48,5.6
1732,1732.5,-285.5,-35.98,2.4
1732.5,1733,-286,-36.65,7.2
1733,1733.5,-291.1,-36.97,4.6
1733.5,1734,-293.5,-37.19,4.1
1734,1734.5,-291,-36.78,3.3
1734.5,1735,-292.7,-37.18,4.7
1735,1735.5,-290.3,-36.78,3.9
1735.5,1736,-306.2,-38.84,4.5
1736,1736.5,-292.1,-37.09,4.6
1736.5,1737,-290.7,-36.84,4
1737,1737.5,-291.8,-37.07,4.8
1737.5,1738,-300.7,-38.02,3.4
1738,1738.5,-283.2,-36.19,6.2
1738.5,1739,-289.4,-36.57,3.2
1739,1739.5,-289,-36.66,4.2
1739.5,1740,-291.7,-36.75,2.4
1740,1740.5,-291.8,-36.95,3.8
1740.5,1741,-300.6,-38.22,5.2
1741.01,1741.5,-287.4,-37.1,9.4
1741.5,1742,-290.8,-36.71,2.9
1742,1742.5,-293.1,-37.08,3.6
1742.5,1743,-289.5,-36.68,3.9
1743,1743.5,-297.5,-37.74,4.4
1743.5,1744,-308.8,-38.82,1.8
1744,1744.5,-298.1,-38.11,6.8
1744.5,1745,-299.8,-38.07,4.8
1745,1745.5,-293.5,-37.31,5
1745.5,1746,-299.2,-37.71,2.5
1746.3,1747,-295.9,-37.44,3.6
1747,1747.5,-294.1,-37.12,2.9
1747.5,1748,-292.8,-37.15,4.4
1748,1748.5,-293.5,-37.52,6.7
1748.5,1749,-292.7,-37.35,6.1
1749,1749.5,-294.6,-37.41,4.6
1749.5,1750,-288.3,-36.59,4.4
1750,1750.5,-298,-37.8,4.4
1750.5,1751,-286.5,-36.64,6.6
1751,1751.5,-293.6,-37,2.4
1751.5,1752,-293.2,-37.47,6.6
1752,1752.5,-289.1,-36.91,6.1
1752.5,1753,-294.4,-37.49,5.5
1753,1753.5,-291.9,-37.32,6.7
1753.5,1754,-293.6,-37.39,5.5
1754,1754.5,-303.1,-38.38,3.9
1754.5,1755,-296.4,-37.95,7.2
1755,1755.5,-295.9,-37.26,2.2
1755.5,1756,-292.6,-37.01,3.5
1759,1759.5,-293.2,-37.33,5.4
1759.5,1760,-289.6,-36.91,5.7
1760,1760.5,-290.1,-37.07,6.5
1760.5,1761,-297.4,-37.69,4.1
1762,1762.5,-313.1,-39.57,3.4
1762.5,1763,-300.2,-37.93,3.3
1764,1764.5,-309,-39.53,7.2
1764.5,1765,-302.4,-37.96,1.3
1765,1765.5,-294.8,-37.32,3.8
1765.5,1766,-287.9,-36.64,5.3
1766,1766.5,-298.1,-37.64,3
1766.5,1767,-286.6,-36.45,5.1
1767,1767.5,-291.3,-36.81,3.2
1767.5,1768,-292,-37.08,4.6
1768,1768.5,-300.2,-38.18,5.2
1768.5,1769,-292.7,-37.3,5.7
1769,1769.5,-305.8,-38.6,3
1769.5,1770,-285.9,-36.29,4.5
1770,1770.5,-289.4,-36.83,5.2
1770.5,1771,-290.9,-36.71,2.8
1771,1771.5,-286.4,-36.03,1.8
1771.5,1772,-294.9,-37.26,3.3
1772,1772.5,-285.6,-36.08,3.1
1772.5,1773,-289.3,-36.48,2.5
1773,1773.5,-284.9,-35.85,1.9
1773.5,1774,-287.2,-36.27,2.9
1774,1774.5,-291.5,-36.97,4.3
1774.5,1775,-285.8,-36.2,3.8
1775,1775.5,-284.8,-36.27,5.4
1775.5,1775.99,-280.8,-35.22,1
1775.99,1776.5,-277.8,-35.24,4.2
1776.5,1777,-283.9,-36.09,4.8
1777,1777.5,-274.1,-34.87,4.8
1777.5,1778,-280.6,-35.83,6.1
1778,1778.5,-277.4,-35.5,6.6
1778.5,1779,-282.7,-36,5.3
1779,1779.5,-281.6,-35.86,5.3
1779.5,1780,-277.2,-35.53,7.1
1780,1780.5,-288.8,-36.95,6.8
1780.5,1781,-291.7,-37.11,5.1
1781.02,1781.5,-280.7,-35.7,4.9
1781.5,1782,-279.9,-35.59,4.8
1782,1782.5,-273.7,999999,999999
1782.5,1783,-281.7,999999,999999
1783,1783.5,-279.7,-35.75,6.2
1783.5,1784,-284.7,-36.07,3.9
1784,1784.5,-276.3,-35.25,5.7
1784.5,1785,-274.8,-34.99,5
1785,1785.5,-286.2,-36.28,4
1785.5,1786,-285.1,-36.05,3.3
1786,1786.5,-279.2,-35.4,4
1786.5,1787,-270.7,-34.43,4.8
1787,1787.5,-277.2,-35.06,3.3
1787.5,1788,-271.4,-34.47,4.4
1788,1788.5,-267.1,-33.83,3.6
1788.5,1789,-279.9,-35.43,3.5
1789,1789.5,-261.9,-33.31,4.6
1789.5,1790,-288.1,-36.48,3.7
1790,1790.5,-281.9,-35.74,4
1790.5,1791,-268.8,-34.22,4.9
1791,1791.5,-283.8,-35.99,4.1
1791.5,1792,-276.6,-35.03,3.6
1792,1792.5,-279.5,-35.46,4.2
1792.5,1793,-276.3,-35.4,6.9
1793,1793.5,-282.7,-36.02,5.5
1793.5,1794,-288,-36.19,1.5
1794,1794.5,-278.1,-35.07,2.5
1794.5,1795,-291.5,-36.91,3.8
1795,1795.5,-292.2,-36.91,3.1
1795.5,1796,-281.2,-35.57,3.3
1800,1800.5,-306.2,-39.23,7.7
1800.5,1801,-301,-38.48,6.8
1801.01,1801.5,-296.3,-37.85,6.5
1802,1802.5,-308.9,-39.63,8.2
1802.5,1803,-326.8,-41.97,8.9
1803,1803.5,-319.3,-40.63,5.7
1803.5,1804,-299.5,-38.25,6.5
1804,1804.5,-305.1,-38.87,5.9
1804.5,1805,-312.8,-39.93,6.6
1805,1805.5,-314.5,-40.17,6.8
1805.5,1806,-311.2,-39.74,6.7
1806,1806.5,-304.7,-38.82,5.8
1806.5,1807,-303.9,-38.79,6.5
1807,1807.5,-320.9,-40.78,5.3
1807.5,1808,-304.5,-38.64,4.6
1808,1808.5,-308.5,-39.55,7.9
1808.5,1809,-300.5,-38.17,4.8
1809,1809.5,-294.4,-37.47,5.3
1809.5,1810,-301.8,-38.35,5.1
1810,1810.5,-302.7,-38.45,4.9
1810.5,1811,-296.2,-37.83,6.4
1811,1811.5,-300.7,-38.41,6.5
1811.5,1812,-299,-38.18,6.4
1812,1812.5,-303.5,-38.73,6.4
1812.5,1813,-298.5,-38.01,5.6
1813,1813.5,-311.3,-39.63,5.7
1813.5,1814,-311,-39.65,6.2
1814,1814.5,-297.3,-38.17,8.1
1814.5,1815,-301.4,-38.32,5.2
1815,1815.5,-312.3,-39.71,5.3
1815.5,1816,-313.9,-39.85,5
1816,1816.5,-316,-40.52,8.2
1816.5,1817,-297.5,-38.16,7.8
1817,1817.5,-300.8,-38.47,7
1817.5,1818,-307.8,-39.48,8
1818,1818.5,-306,-39.17,7.4
1818.5,1819,-320,-40.97,7.8
1819,1819.5,-297.8,-37.78,4.4
1819.5,1819.99,-299.7,-38.35,7.1
1819.99,1820.5,-305.7,-38.87,5.3
1820.5,1821,-312.1,-39.74,5.8
1821,1821.5,-301.6,-38.63,7.5
1821.5,1822,-303.3,-38.85,7.5
1822,1822.5,-308.5,-39.42,6.9
1822.5,1823,-307,-39.42,8.3
1823,1823.5,-314.9,-40.09,5.9
1823.5,1824,-319.5,-40.47,4.2
1824,1824.5,-322,-40.9,5.2
1824.5,1825,-318.3,-40.76,7.9
1825,1825.5,-308,-39.22,5.8
1825.5,1826,-298.7,-37.99,5.2
1826,1826.5,-302.5,-38.58,6.1
1826.5,1827,-311.5,-39.83,7.2
1827,1827.5,-319.3,-40.53,4.9
1827.5,1828,-318.4,-40.75,7.6
1828,1828.5,-322.3,999999,999999
1828.5,1829,-308.7,999999,999999
1829,1829.5,-322.2,-41.39,9
1829.5,1830,-312.9,-39.87,6
1830,1830.5,-318.7,-40.48,5.1
1830.5,1831,-316,-40.48,7.8
1831,1831.5,-319,999999,999999
1831.5,1832,-318.2,999999,999999
1832,1832.5,-306.3,-38.91,5
1832.5,1833.01,-317.7,-40.47,6
1833,1833.5,-303.1,-38.65,6.1
1833.5,1834,-314.6,-39.85,4.2
1834,1834.5,-319.9,-40.82,6.7
1834.5,1835,-307.8,-39.06,4.7
1835,1835.5,-311.3,-39.37,3.6
1835.5,1836,-311.4,-39.27,2.8
1836,1836.5,-317.6,-40.49,6.3
1836.5,1837,-309.4,-39.04,3
1837,1837.5,-295.5,-37.42,3.9
1837.5,1838,-315.5,-40.31,7
1838,1838.5,-312.2,-39.44,3.3
1838.5,1839,-306.2,-38.78,4
1839,1839.5,-317.6,-40.73,8.2
1839.5,1840,-309,-39.17,4.4
1840,1840.5,-311.3,-39.58,5.3
1840.5,1841,-301.5,-38.14,3.6
1841.01,1841.5,-313.9,-39.89,5.2
1841.5,1842.01,-313.6,-39.81,4.9
1842.01,1842.5,-313.5,-39.73,4.3
1842.5,1843.05,-319.7,-40.8,6.7
1843.05,1843.5,-301.6,-38.3,4.8
1843.5,1844,-308,-38.84,2.8
1844,1844.5,-314.2,-39.8,4.2
1844.5,1845,-323.5,-41.15,5.7
1845,1845.5,-315.6,-40.17,5.7
1845.5,1846,-314.4,-39.96,5.3
1846,1846.5,-318,999999,999999
1846.5,1847,-307.6,999999,999999
1847,1847.5,-326.7,-41.33,3.9
1847.5,1848.01,-302.5,-38.61,6.4
1848.01,1848.5,-317.5,-40.22,4.3
1848.5,1849,-312.4,-39.8,6
1849,1849.5,-316.5,-40.15,4.7
1849.5,1850,-322.2,-41.07,6.4
1850,1850.5,-315.7,-40.4,7.5
1850.5,1851,-325.9,-41.58,6.7
1851,1851.5,-312.2,-39.83,6.5
1851.5,1852,-310.3,-39.19,3.3
1852,1852.5,-316.8,-40.14,4.3
1852.5,1853,-315.2,-39.85,3.6
1853,1853.5,-296.4,-37.87,6.5
1853.5,1854,-307.1,-38.82,3.5
1854,1854.5,-307.4,-38.85,3.4
1854.5,1855,-306.2,-38.92,5.2
1855,1855.5,-305.7,-38.83,5
1855.5,1856,-324.1,-41.08,4.6
1856,1856.5,-315.7,-39.96,3.9
1856.5,1857,-307.8,-39.32,6.8
1857,1857.5,-326.7,-41.57,5.8
1857.5,1858,-322.6,-40.96,5
1858,1858.5,-322.1,-40.99,5.8
1858.5,1859,-310.3,-39.34,4.4
1859,1859.5,-321.7,-41.04,6.6
1859.5,1860,-320,-40.44,3.5
1860,1860.5,-313.5,-39.62,3.5
1860.5,1861.01,-317.8,-40.21,3.9
1861.01,1861.5,-318.7,-40.38,4.3
1861.5,1862,-317.6,-40.37,5.4
1862,1862.5,-322.7,-41.17,6.6
1862.5,1863,-317.7,-40.58,7
1863,1863.5,-316.5,-40.06,4
1863.5,1864,-313.4,-39.78,4.8
1864,1864.5,-312.3,-39.66,5
1864.5,1865,-305.9,-39.05,6.5
1865,1865.5,-316.8,-40.37,6.1
1865.5,1866,-317.6,-40.17,3.7
1866,1866.5,-311.2,-39.7,6.4
1866.5,1867,-318.4,-40.59,6.3
1867,1867.5,-307.4,-39.04,4.9
1867.5,1868,-314.6,-40.08,6
1868,1868.5,-308.3,-39.07,4.2
1868.5,1869,-310.9,-39.38,4.1
1869,1869.5,-321.3,-41.18,8.2
1869.5,1870,-322,-40.94,5.6
1870,1870.5,-308.2,-38.9,3.1
1870.5,1871,-314.6,-40.17,6.7
1871,1871.5,-311.1,-39.41,4.2
1871.5,1872,-314.2,-40.07,6.3
1872,1872.5,-313.3,-39.55,3.1
1872.5,1873,-306.5,-38.64,2.6
1873,1873.5,-308.6,-38.92,2.7
1873.5,1874,-327.5,-41.63,5.6
1874,1874.5,-305.4,-38.67,4
1874.5,1875,-318.2,-40.62,6.8
1875,1875.5,-316.3,-39.96,3.3
1875.5,1876,-316,-40.42,7.3
1876,1876.5,-313.2,-40.1,7.5
1876.5,1877,-313.5,-40.13,7.6
1877,1877.5,-314.2,-40.23,7.6
1877.5,1878,-303.5,-38.82,7.1
1878,1878.5,-312.1,-39.64,5
1878.5,1879,-304.6,-38.78,5.6
1879,1879.5,-300,-37.95,3.6
1879.5,1880,-306.4,-38.95,5.2
1880,1880.5,-296.6,-37.61,4.2
1880.5,1881,-304.1,-38.56,4.4
1881,1881.5,-315.3,-39.99,4.6
1881.5,1882,-309.1,-39.09,3.6
1882,1882.5,-314.1,-39.61,2.8
1882.5,1883,-320.4,-40.59,4.4
1883,1883.5,-315.1,-39.92,4.3
1883.5,1884,-318.1,-39.98,1.7
1884,1884.5,-307.5,-38.85,3.3
1884.5,1885,-304.2,-38.25,1.8
1885,1885.5,-304.6,-38.36,2.2
1885.5,1886,-313.6,-39.37,1.3
1886,1886.5,-308.4,-39.2,5.2
1886.5,1887,-307.1,-38.9,4.1
1887,1887.5,-313.6,-39.6,3.2
1887.5,1888,-307.6,-38.8,2.8
1888,1888.5,-302.8,-38.08,1.8
1888.5,1889,-306.4,-38.6,2.3
1889,1889.5,-313.3,-39.48,2.6
1889.5,1890,-318.3,-40.48,5.5
1890,1890.5,-299.2,-37.83,3.4
1890.5,1891,-308.5,-39.04,3.9
1891,1891.5,-311.8,-39.29,2.5
1891.5,1892,-303.9,-38.59,4.8
1892,1892.5,-305.2,-38.64,3.9
1892.5,1893,-307.2,-39.12,5.7
1893,1893.5,-311.6,-39.37,3.3
1893.5,1894,-315,-39.65,2.2
1894,1894.5,-295.1,-37.35,3.7
1894.5,1895,-308.2,-39.28,6.1
1895,1895.5,-315.6,-40.04,4.6
1895.5,1896,-307.1,-38.88,3.9
1896,1896.5,-317.6,,
1896.5,1897,-301.7,,
1897,1897.5,-304,-38.67,5.4
1897.5,1898,-303,-38.6,5.8
1898,1898.5,-310.4,-39.39,4.7
1898.5,1899,-307.4,-38.92,3.9
1899,1899.5,-301.9,-38.27,4.3
1899.5,1900,-310,-39.13,3
1900,1900.5,-313.9,-39.65,3.4
1900.5,1901,-298.1,-37.74,3.8
1901.01,1901.5,-311.4,-39.31,3.1
1901.5,1902,-302,-38.4,5.2
1902,1902.5,-296.9,-37.59,3.9
1902.5,1903,-310.6,-39.12,2.4
1903,1903.5,-300.7,-37.98,3.1
1903.5,1904,-307.4,-38.8,3
1904,1904.5,-306.8,-38.65,2.5
1904.5,1905,-305.1,-38.68,4.3
1905,1905.5,-303.3,-38.22,2.5
1905.5,1906,-290.9,-36.7,2.8
1906,1906.5,-301.8,-38.13,3.2
1906.5,1907,-300.2,-38.07,4.4
1907,1907.5,-309.6,-39.01,2.5
1907.5,1908,-312.9,-39.59,3.9
1908,1908.5,-308.8,-39.09,4
1908.5,1909,-311.2,-39.39,3.9
1909,1909.5,-308.1,-38.82,2.5
1909.5,1910,-320.5,-40.69,5
1910,1910.5,-309,-39.16,4.3
1910.5,1911,-310.7,-39.38,4.3
1911,1911.5,-314.4,-39.75,3.6
1911.5,1912,-300.7,-38.11,4.1
1912,1912.5,-306.9,-38.84,3.8
1912.5,1913,-305.4,-38.5,2.5
1913,1913.5,-300.6,-38.16,4.7
1913.5,1914,-307.2,-38.92,4.1
1914,1914.5,-312,-39.56,4.5
1914.5,1915,-311.6,-39.53,4.6
1915,1915.5,-321.5,-40.62,3.5
1915.5,1916.02,-316.2,-39.9,3
1916.02,1916.5,-299.7,-37.96,4
1916.5,1917,-311.7,-39.54,4.7
1917,1917.5,-307.4,-39.21,6.3
1917.5,1918,-304,-38.34,2.7
1918,1918.5,-315.8,-39.86,3
1918.5,1919,-303.4,-38.32,3.2
1919,1919.5,-314,-39.7,3.6
1919.5,1920,-318.5,-40.48,5.3
1920,1920.5,-303.3,-38.29,3
1920.5,1921,-309,-39.04,3.4
1921.01,1921.5,-308.2,-39.13,4.8
1921.5,1922,-315.9,-40.27,6.3
1922,1922.5,-320.2,999999,999999
1922.5,1923,-306,999999,999999
1923,1923.5,-299.5,-37.57,1.1
1923.5,1924,-314.5,-39.44,1
1924,1924.5,-307.1,-38.82,3.5
1924.5,1925,-322.3,-40.49,1.6
1925,1925.5,-307.1,-38.61,1.8
1925.5,1926,-312.3,-39.41,3
1926,1926.5,-304,-38.16,1.3
1926.5,1927,-314.2,-39.53,2
1927,1927.5,-318.7,-40.2,2.9
1927.5,1928,-324.5,-40.85,2.3
1928,1928.5,-321,-40.69,4.6
1928.5,1929,-309.1,-39.28,5.1
1929,1929.5,-318.5,-40.42,4.8
1929.5,1930,-318.7,-40.38,4.3
1930,1930.5,-304.2,-38.48,3.6
1930.5,1931,-310.4,-39.56,6
1931,1931.5,-303.4,-38.41,3.9
1931.5,1932,-306.1,-38.65,3.1
1932,1932.5,-310.2,-39.66,7
1932.5,1933,-317.6,-40.33,5
1933,1933.5,-300.3,-38.05,4.1
1933.5,1934,-299.3,-37.78,3
1934,1934.5,-303.5,-38.57,5
1934.5,1935,-306,-39,6
1935,1935.5,-301.8,-38.16,3.4
1935.5,1936,-309.3,-38.85,1.5
1936,1936.5,-313.8,-39.55,2.6
1936.5,1937,-311,-39.52,5.1
1937,1937.5,-308.8,-39.23,5
1937.5,1938,-310.3,-39.13,2.7
1938,1938.5,-306.8,-38.97,5
1938.5,1939,-313.4,-39.71,4.3
1939,1939.5,-310.2,-39.34,4.5
1939.5,1940,-304.9,-38.47,2.9
1940,1940.5,-317.8,-40.23,4
1940.5,1941,-318.7,-40.27,3.4
1941.01,1941.5,-316.2,-40.19,5.3
1941.5,1942,-320.2,-40.58,4.4
1942,1942.5,-316.8,-40.06,3.7
1942.5,1943,-308.5,-39.05,4
1943,1943.5,-321.2,-40.83,5.4
1943.5,1944,-319.7,-40.54,4.6
1944,1944.5,-324,-41.11,4.9
1944.5,1944.98,-324,-41.15,5.2
1944.98,1945.5,-311.7,-39.53,4.6
1945.5,1946,-312.4,-39.73,5.4
1946,1946.5,-319.2,999999,999999
1946.5,1947,-325.4,999999,999999
1947,1947.5,-326,-41.08,2.6
1947.5,1948,-320.4,-40.65,4.8
1948,1948.5,-321.6,-40.91,5.6
1948.5,1949,-322.6,-41.07,5.9
1949,1949.5,-323.2,-40.96,4.5
1949.5,1950,-320.2,-40.71,5.5
1950,1950.5,-310.1,-39.36,4.8
1950.5,1951,-326.2,-41.42,5.1
1951,1951.5,-318.7,-40.4,4.5
1951.5,1952,-322.9,-40.97,4.8
1952,1952.5,-318.1,-40.12,2.8
1952.5,1953.01,-327.7,-41.27,2.5
1953,1953.5,-313.8,-39.92,5.5
1953.5,1954,-324.9,-41.26,5.2
1954,1954.5,-324.6,-41.06,3.9
1954.5,1955,-327.9,-41.77,6.2
1955,1955.5,-318.1,-40.56,6.4
1955.5,1956,-312.3,-39.69,5.2
1956,1956.5,-321.3,-40.76,4.8
1956.5,1957,-318.8,-40.6,6
1957,1957.5,-307.1,-38.98,4.7
1957.5,1957.98,-315.7,-40.26,6.3
1957.98,1958.5,-326.3,-41.25,3.7
1958.5,1959,-312.6,-39.75,5.4
1959,1959.5,-314.8,-40.07,5.8
1959.5,1960,-319.2,-40.54,5.1
1960,1960.5,-321.7,-40.95,5.8
1960.5,1961,-312.8,-39.79,5.6
1961,1961.5,-317.3,-40.26,4.8
1961.5,1962,-324.5,-41.27,5.7
1962,1962.5,-317.3,-40.36,5.6
1962.5,1963,-315.6,-39.94,4
1963,1963.5,-318.4,-40.32,4.2
1963.5,1964,-311.5,-39.65,5.7
1964,1964.5,-310.6,-39.32,4
1964.5,1964.99,-303.2,-38.4,4
1965,1965.5,-319.4,-40.25,2.6
1965.5,1966,-306.3,-39.04,6
1966,1966.5,-324,-41.14,5.1
1966.5,1967,-327.9,-41.73,5.9
1967,1967.5,-316.8,-40.04,3.5
1967.5,1968,-317.9,-40.18,3.6
1968,1968.5,-318,-40.45,5.5
1968.5,1969,-305.9,-39,6.1
1969,1969.5,-309.7,-39.42,5.6
1969.5,1970,-315.2,-40.03,5.1
1970,1970.5,-318,-40.49,5.9
1970.5,1971,-320.7,-40.81,5.8
1971,1971.5,-312.1,-40.04,8.3
1971.5,1972,-313.8,-40.08,6.9
1972,1972.5,-318.1,-40.38,4.9
1972.5,1973,-317.8,-40.57,6.7
1973,1973.5,-311.5,-39.7,6.2
1973.5,1974,-319.4,-40.57,5.1
1974,1974.5,-323.6,-41.16,5.6
1974.5,1975,-311.4,-39.66,6
1975,1975.5,-316.7,-40.25,5.4
1975.5,1976,-314.8,-40.27,7.4
1976,1976.5,-312.8,999999,999999
1976.5,1977,-303.9,999999,999999
1977,1977.5,-302.5,-38.2,3.1
1977.5,1978,-302,-38.34,4.7
1978,1978.5,-312.4,-39.54,3.9
1978.5,1979,-307.4,-39.24,6.5
1979,1979.5,999999,-40.06,999999
1979.5,1980,-318.5,-40.44,5
1980,1980.5,-316.7,-40.33,6
1980.5,1980.99,-307.4,-39.28,6.8
1981.01,1981.5,-311.8,-39.68,5.6
1981.5,1982,-319.9,-40.63,5.1
1982,1982.5,-311,-39.6,5.8
1982.5,1983,-313.3,-40.08,7.3
1983,1983.5,-314.8,-40.15,6.4
1983.5,1984,-318.1,-40.4,5.1
1984,1984.5,-295.9,-37.64,5.3
1984.5,1985,-302.4,-38.18,3.1
1984.97,1985.5,-289.7,-36.78,4.5
1985.5,1986,-308,-38.79,2.3
1986,1986.5,-305.3,-38.72,4.5
1986.5,1987,-308.4,-39.42,6.9
1987,1987.5,-311.9,-40.12,9
1987.5,1988,-316.2,-40.49,7.7
1988,1988.5,-322.9,-41.41,8.3
1988.5,1989,-329.2,-41.84,5.5
1989,1989.5,-315.5,-40.15,5.7
1989.5,1990,-319.9,-40.6,4.8
1990,1990.5,-332.9,-42.41,6.4
1990.5,1991,-320.8,-40.79,5.5
1991,1991.5,-319.2,-40.51,4.9
1991.5,1992,-327.7,-41.95,7.9
1992,1992.5,-330.2,-42.41,9.1
1992.5,1993.01,-321.1,-40.52,3.1
1993,1993.5,-324.6,-41.05,3.8
1993.5,1994,-324.8,-41.39,6.3
1994,1994.5,-328.5,-41.75,5.5
1994.5,1995,-327.5,-41.46,4.2
1995,1995.5,-325.3,-41.42,6
1995.5,1996,-328.5,-42.23,9.3
1996.5,1997,-324.1,-41.29,6.2
1997,1997.5,-333.7,-42.6,7.2
1997.5,1998,-326.4,-41.81,8.1
1998,1998.5,-318.6,-40.96,9.1
1998.5,1999,-326.2,-41.6,6.6
1999,1999.5,-329.5,-42.15,7.7
1999.5,2000,-322.1,-40.88,5
2000,2000.5,-324.6,-41.19,4.9
2000.5,2001,-325,-41.26,5.1
2001,2001.5,-312.8,-40.02,7.3
2001.5,2002,999999,-41.16,999999
2002,2002.5,-312.8,-39.61,4.1
2002.5,2003,-324.8,-41.33,5.9
2003,2003.5,-316.5,-39.92,2.9
2003.5,2004,-312,-39.6,4.9
2004,2004.5,-303.9,-38.55,4.5
2004.5,2005,-313.5,-40.02,6.7
2005,2005.5,-318.1,-40.43,5.4
2005.5,2006,-327.9,-41.81,6.5
2006,2006.5,-324.6,-41.14,4.5
2006.5,2007,-322.7,-40.72,3
2007,2007.5,-328.2,-41.73,5.6
2007.5,2008,-329.4,-41.78,4.9
2008,2008.5,-322.3,-41.11,6.5
2008.5,2009,-316.8,-40.39,6.4
2009,2009.5,-331,-42.44,8.5
2009.5,2010,-332.8,-42.32,5.8
2010,2010.5,-332.4,-42.14,4.7
2010.5,2011,-306.3,-39.15,6.9
2011,2011.5,-331.4,-42.04,4.9
2011.5,2012,-312,-39.44,3.5
2012,2012.5,-312.5,-39.82,6.1
2012.5,2013,-312.6,-39.67,4.7
2013,2013.5,-314,-39.85,4.8
2013.5,2014,-314.7,-40.01,5.3
2014,2014.5,-313.7,-39.91,5.6
2014.5,2015,-326.1,-41.63,6.9
2015,2015.5,-324,-41.1,4.8
2015.5,2016,-327.6,-41.43,3.9
2016,2016.5,-320.3,-40.34,2.4
2016.5,2017,-319.1,-40.43,4.4
2017,2017.5,-328.4,-41.57,4.1
2017.5,2018,-318.9,-40.38,4.1
2018,2018.5,-324,-40.84,2.8
2018.5,2019,-319.4,-40.64,5.7
2019,2019.5,-323.8,-41.23,6
2019.5,2020,-326,-41.38,5
2020,2020.5,-329.6,-42.03,6.6
2020.5,2021,-330.1,-41.89,5
2021.01,2021.5,-333.5,-42.2,4.2
2021.5,2022,-333.1,-42.51,7
2023,2023.5,-320.5,-41.16,8.7
2023.5,2024,-321.5,-40.78,4.8
2024,2024.5,-321.6,-40.82,5
2024.5,2025,-320.8,-40.82,5.7
2025,2025.5,-321.1,-40.93,6.4
2025.5,2026,-316.4,-40.24,5.5
2026,2026.5,-322.6,-41.12,6.4
2026.5,2027,-327.9,-41.8,6.5
2027,2027.5,-320.9,-40.66,4.3
2027.5,2028,-321.2,-40.97,6.6
2028,2028.5,-330.3,-42.4,8.9
2028.5,2029,-317.3,-40.45,6.3
2029,2029.5,-302.8,-38.52,5.4
2029.5,2030,-306.5,-38.84,4.3
2030,2030.5,-318.2,-40.6,6.5
2030.5,2031,-316,-40.55,8.3
2031,2031.5,-318,-40.39,5.1
2031.5,2032,-314.2,-40.08,6.5
2032,2032.5,-313.5,-39.79,4.8
2032.5,2033,-320.7,-40.91,6.5
2033,2033.5,-320.3,-41.24,9.6
2033.5,2034,-319.7,-40.73,6.1
2034,2034.5,-317.8,-40.76,8.4
2034.5,2035,-322.2,-41.23,7.7
2035,2035.5,-311.9,-39.69,5.6
2035.5,2036,-315.8,-40.17,5.6
2036,2036.5,-317.6,-40.76,8.5
2036.5,2037,-315.6,-40.46,8
2037,2037.5,-325.7,-41.65,7.5
2037.5,2038,-323.6,-41.26,6.5
2038,2038.5,-311.4,-39.75,6.6
2038.5,2039,-320.7,-40.95,6.9
2039,2039.5,-314.8,-39.94,4.7
2039.5,2040,-318.2,-40.78,8
2040,2040.5,-309.7,-39.73,8.1
2040.5,2041,-307.4,-39.43,8
2041,2041.5,-314.2,-40.12,6.7
2041.5,2042,-309.1,-39.5,7
2042,2042.5,-321.7,-41.19,7.9
2042.5,2043,-326,-41.53,6.2
2043,2043.5,-310.2,-39.51,5.8
2043.5,2043.97,-318.5,-40.52,5.6
2043.97,2044.5,-313.6,-39.74,4.3
2044.5,2045,-314.2,-39.91,5
2045,2045.5,-305.7,-39.06,6.8
2045.5,2046,-322.1,-41.23,7.7
2046.5,2047,-322.9,-41.23,6.9
2046.5,2047,-322.4,-41.2,7.2
2047,2047.5,-314.3,-40.13,6.7
2047.5,2048,-319,-40.75,7.1
2048,2048.5,-329.4,-42.25,8.7
2048.5,2049,-319.2,-40.61,5.7
2049,2049.5,-315.9,-40.24,6
2049.5,2050,-309.8,-39.54,6.5
2051,2051.5,-305.8,999999,999999
2051.5,2052,-305.2,999999,999999
2052,2052.5,-293.8,999999,999999
2052.5,2053,-299.7,999999,999999
2053,2053.5,-302.7,999999,999999
2053.5,2054,-292.6,999999,999999
2054,2054.5,-291,999999,999999
2054.5,2055,-295.4,999999,999999
2055,2055.5,-293.2,999999,999999
2055.5,2056,-292,999999,999999
2056,2056.5,-296.2,999999,999999
2056.5,2057,-312.5,999999,999999
2057,2057.5,-321.6,999999,999999
2057.5,2058,-315.2,999999,999999
2058,2058.5,-318.8,-40.69,6.8
2058.5,2059,-309.1,-39.45,6.5
2059,2059.5,-323.9,-41.48,8
2059.5,2060,-323.1,-41.45,8.5
2060,2060.5,-328.5,-42.05,7.9
2060.5,2061,-327.6,-41.91,7.7
2061,2061.5,-314.3,-40.05,6.2
2061.5,2062,-308.9,-39.68,8.6
2062,2062.5,-325.4,-41.71,8.3
2062.5,2063,-330.1,-42.17,7.3
2063,2063.5,-312.4,-40.06,8.1
2063.5,2064,-323.2,-41.56,9.3
2064,2064.5,-327.9,-42.06,8.6
2064.5,2065,-315.4,-40.48,8.4
2065,2065.5,-322.1,-41.44,9.4
2065.5,2066,-319.6,-40.72,6.2
2066,2066.5,-326,-41.65,7.2
2066.5,2067,-323.8,-41.38,7.2
2067,2067.5,-315,-40.51,9
2067.5,2068,-318.9,-40.84,7.8
2068,2068.5,-319.6,-41.09,9.1
2068.5,2069,-311.7,-39.52,4.5
2069,2069.5,-303.1,-38.63,5.9
2069.5,2070,-309.3,-39.2,4.3
2070,2070.5,-296.9,-37.59,3.9
2070.5,2071,-300.9,-37.86,2
2071,2071.5,-301,-38.23,4.9
2071.5,2072,-301.1,-38.08,3.5
2072,2072.5,-301.6,-38.11,3.3
2072.5,2073,-310.5,-39.31,4
2074,2074.5,-296,999999,999999
2074.5,2075,-298.9,999999,999999
2075,2075.5,-289.5,999999,999999
2075.5,2076,-300.9,999999,999999
2076,2076.5,-307.4,-38.75,2.6
2076.5,2077,-314.6,-40.19,7
2077,2077.5,-314.2,-40.32,8.4
2077.5,2078,-313,-39.79,5.3
2078,2078.5,-321,-40.79,5.3
2078.5,2079,-325.7,-41.7,7.9
2079,2079.5,-327.2,-41.74,6.7
2079.5,2080,-321.3,-41.28,9
2080,2080.5,-328.1,-41.99,7.8
2080.5,2081,-316.1,-40.54,8.2
2081,2081.5,-310.2,-39.57,6.3
2081.5,2082,-325.8,-41.77,8.3
2082,2082.5,-330.7,-42.28,7.5
2082.5,2083,-321.2,-41.44,10.3
2083,2083.5,-318.8,-40.79,7.5
2083.5,2084,-326.5,-41.93,9
2084,2084.5,-328.7,-42.13,8.3
2084.5,2085,-318.9,-40.65,6.2
2085,2085.5,-338.3,-43.42,9.1
2085.5,2086,-331.5,-42.2,6.1
2086,2086.5,-332.6,999999,999999
2086.5,2087,-332.5,999999,999999
2087.5,2088,-324.9,-41.83,9.7
2088,2088.5,-327.3,-42.07,9.3
2088.5,2089,-325.9,-42.1,10.9
2089,2089.5,-328.7,-42.27,9.5
2089.5,2090,-334.4,-43.05,10
2090,2090.5,-328.7,-41.67,4.7
2090.5,2091,-330.9,-42.45,8.7
2091,2091.5,-323.2,-41.52,9
2091.5,2092,-330.5,-42.66,10.8
2092,2092.5,-329.8,-42.3,8.6
2092.5,2093,-329.5,-42.38,9.5
2093,2093.5,-335,-43.14,10.1
2093.5,2094,-332.5,-42.51,7.6
2094,2094.5,-319.7,-40.78,6.6
2094.5,2095,-328.8,-42.07,7.8
2095,2095.5,-323.8,-41.41,7.4
2095.5,2096,-321.1,-40.81,5.4
2096,2096.5,-321.8,-41.57,10.7
2096.5,2097,-335.6,-42.99,8.3
2097,2097.5,-330.2,-42.39,8.9
2097.5,2098,-321.9,-41.4,9.3
2098,2098.5,-328.8,-42.19,8.7
2098.5,2099,-315.9,-40.46,7.8
2099,2099.5,-321.6,-41.34,9.2
2099.5,2100,-319.6,-40.73,6.2
2100,2100.5,-323.1,-41.49,8.8
2100.5,2101,-327.5,-42.08,9.2
2101.01,2101.5,-312.8,-40.23,9
2101.5,2102,-323.1,-41.36,7.9
2102,2102.5,-336.3,-43.18,9.2
2102.5,2103,-333.8,-42.97,10
2103,2103.5,-325.3,-41.95,10.3
2103.5,2104,-328.3,-42.01,7.8
2104,2104.5,-335.9,-43.22,9.9
2104.5,2105,-324.4,-41.42,7
2105,2105.5,-329.2,-42.14,7.9
2105.5,2106,-326.6,-42.07,10
2106,2106.5,-320.8,-40.73,5
2106.5,2107,-318.9,-40.87,8.1
2107,2107.5,-329.7,-41.92,5.7
2107.5,2108,-328.6,-42.26,9.5
2108,2108.5,-331.9,-42.34,6.8
2108.5,2109,-326.2,-41.4,5
2109,2109.5,-323.1,999999,999999
2109.5,2110,-328,999999,999999
2110,2110.5,-322.9,999999,999999
2110.5,2111,-331.8,999999,999999
2111,2111.5,-323,-41.33,7.7
2111.5,2112,-329.8,-42.28,8.4
2112,2112.5,-334.5,-42.75,7.4
2112.5,2113,-316.9,-40.86,10
2113,2113.5,-333.4,-42.35,5.4
2113.5,2114,-317.4,-40.5,6.6
2114,2114.5,-327,-41.7,6.6
2114.5,2115,-326.4,-41.62,6.6
2115,2115.5,-322.6,-41.34,8.1
2115.5,2116,-329,-42.03,7.2
2116,2116.5,-316.8,-40.33,5.8
2116.5,2117,-311.1,-39.48,4.7
2117,2117.5,-317.5,999999,999999
2117.5,2118,-314.4,999999,999999
2118,2118.5,-306.4,-38.7,3.1
2118.5,2119,-310.4,-39.4,4.8
2119,2119.5,-308,-39.07,4.6
2119.5,2120,-310.6,-39.53,5.6
2120,2120.5,-305.8,999999,999999
2120.5,2121,-304.3,999999,999999
2122,2122.5,-306.8,-38.83,3.8
2122.5,2123,-303.5,-38.33,3.1
2123,2123.5,-305.5,999999,999999
2123.5,2124,-302.3,999999,999999
2124,2124.5,-294,-37.12,3
2124.5,2125,-293.3,-37.09,3.4
2125,2125.5,-298.6,999999,999999
2125.5,2126,-294.5,999999,999999
2126,2126.5,-305.2,999999,999999
2126.5,2127,-293.3,999999,999999
2127,2127.5,-304.4,999999,999999
2127.5,2128,-317.5,999999,999999
2128.01,2128.5,-322.3,-40.92,5.1
2128.5,2129,-323.3,-41.36,7.5
2129,2129.5,-317.4,-40.5,6.6
2129.5,2130,-325.9,-41.52,6.3
2130,2130.5,-318.1,-40.77,8
2130.5,2131,-335.6,-43.02,8.6
2131,2131.5,-319.9,-40.78,6.3
2131.5,2132,-335.2,-42.66,6
2132,2132.5,-333.7,-42.69,7.8
2132.5,2133,-320.7,-41.1,8.1
2133,2133.5,-329.9,-42.18,7.5
2133.5,2134,-322.2,-41.03,6
2134,2134.5,-329.4,-41.93,6
2134.5,2135,-334.6,-42.82,7.9
2135,2135.5,-320.3,-41.01,7.8
2135.5,2136,-331.3,-42.26,6.8
2136,2136.5,-323.9,-41.28,6.4
2136.5,2137,-335.4,-42.63,5.7
2137,2137.5,-338.6,-43.44,9
2137.5,2138,-332.2,-42.45,7.4
2138,2138.5,-325.1,999999,999999
2138.5,2139,-313,999999,999999
2139,2139.5,-311.8,999999,999999
2139.5,2140,-308.9,999999,999999
2140,2140.5,-305.9,999999,999999
2140.5,2141,-308.6,999999,999999
2141,2141.5,-306.7,999999,999999
2141.5,2142,-307.6,999999,999999
2142,2142.5,-300,999999,999999
2142.5,2143,-301.5,999999,999999
2143,2143.5,-306.9,999999,999999
2143.5,2144,-307,999999,999999
2144,2144.5,-306.7,999999,999999
2144.5,2145,-302.4,999999,999999
2145,2145.5,-292.7,999999,999999
2145.5,2146,-299,999999,999999
2146,2146.5,-297.7,999999,999999
2146.5,2147,-312.3,999999,999999
2147,2147.5,-324.9,999999,999999
2147.5,2148,-312.8,999999,999999
2148,2148.5,-316.3,-40.54,8
2148.5,2149,-319.7,-40.72,6
2149,2149.5,-326.5,-41.54,5.8
2149.5,2150,-317.5,-40.41,5.8
2150,2150.5,-321.5,-40.92,5.9
2150.5,2151,-323.8,-41.15,5.4
2151,2151.5,-332.1,-42,3.9
2151.5,2152,-317.3,-40.5,6.7
2152,2152.5,-321.5,-40.79,4.9
2152.5,2153.01,-310.1,-39.57,6.5
2153,2153.5,-324.4,-41.32,6.1
2153.5,2154,-317.4,-40.55,7
2154,2154.5,-327.6,-41.87,7.3
2154.5,2155,-330,-41.99,5.9
2155,2155.5,-315.7,-40.47,8.1
2155.5,2156,-332.7,-42.24,5.3
2156,2156.5,-324.4,-41.46,7.3
2156.5,2157,-329.3,-41.89,5.8
2157,2157.5,-322.7,-41.29,7.6
2157.5,2158,-322.6,-41.35,8.2
2158,2158.5,-321.5,-40.97,6.3
2158.5,2159,-322.9,-41.16,6.4
2159,2159.5,-323.5,-41.21,6.2
2159.5,2160,-322.8,-41.46,8.9
2160,2160.5,-321.3,999999,999999
2160.5,2161,-310.8,999999,999999
2161,2161.5,-306.1,999999,999999
2161.5,2162,-304.4,999999,999999
2162,2162.5,-312.1,999999,999999
2162.5,2163,-308.3,999999,999999
2163,2163.5,-311.9,999999,999999
2163.5,2164,-304.8,999999,999999
2164,2164.5,-311.4,999999,999999
2164.5,2165,-310.9,999999,999999
2165,2165.5,-312.1,999999,999999
2165.5,2166,-314.5,999999,999999
2166,2166.5,-317.1,999999,999999
2166.5,2167,-311.9,999999,999999
2167,2167.5,-306.9,999999,999999
2167.5,2168,-305.2,999999,999999
2168,2168.5,-300.7,999999,999999
2168.5,2169,-307.8,999999,999999
2169,2169.5,-307.8,999999,999999
2169.5,2170,-301.1,999999,999999
2170,2170.5,-298.1,999999,999999
2170.5,2171,-302.3,999999,999999
2171,2171.5,-298.2,999999,999999
2171.5,2172,-300.1,999999,999999
2172,2172.5,-302.5,999999,999999
2172.5,2173,-305.6,999999,999999
2173,2173.5,-298,999999,999999
2173.5,2174,-301,999999,999999
2174,2174.5,-303.2,999999,999999
2174.5,2175,-293.3,999999,999999
2175,2175.5,-301.5,999999,999999
2175.5,2176,-296.5,999999,999999
2176,2176.5,-295.1,999999,999999
2176.5,2177,-303.3,999999,999999
2177,2177.5,-303,999999,999999
2177.5,2178,-309.4,999999,999999
2178,2178.5,-321.5,999999,999999
2178.5,2179,-320.5,999999,999999
2179,2179.5,-321.6,999999,999999
2179.5,2180,-334.3,999999,999999
2180,2180.5,-310.3,999999,999999
2180.5,2181,-322.9,999999,999999
2181,2181.5,-326.1,-41.77,8.1
2181.5,2182,-326.5,-41.51,5.5
2182,2182.5,-328.7,-41.94,6.8
2182.5,2183,-325.4,-41.33,5.2
2183,2183.5,-325.1,-41.46,6.6
2183.5,2184,-316.1,-40.47,7.7
2184,2184.5,-330.4,-42.15,6.8
2184.5,2185,-338.3,-43.09,6.4
2185,2185.5,-338.6,-42.78,3.6
2185.5,2186,-317.5,-40.58,7.1
2186,2186.5,-326.3,-41.61,6.6
2186.5,2187,-322.8,-41.42,8.6
2187,2187.5,-324.5,-41.3,5.9
2187.5,2188,-324.5,-41.35,6.3
2188,2188.5,-325.4,-41.46,6.3
2188.5,2189,-325.7,-41.49,6.2
2189,2189.5,-320.5,-40.98,7.4
2189.5,2190,-326.5,-41.6,6.3
2190,2190.5,-323.6,-41.19,5.9
2190.5,2191,-312.7,-39.75,5.3
2191,2191.5,-322.3,-41.08,6.3
2191.5,2192,-322.7,-41.21,7
2192,2192.5,-323.8,-41.44,7.7
2192.5,2193,-322.5,-41.21,7.2
2193,2193.5,-312.7,-39.94,6.8
2193.5,2194,-310.9,-39.6,5.9
2194,2194.5,-303.4,999999,999999
2194.5,2195,-305.8,999999,999999
2195,2195.5,-306,-38.91,5.2
2195.5,2196,-316.7,-39.93,2.8
2196,2196.5,-309.4,999999,999999
2196.5,2197,-310.3,999999,999999
2197,2197.5,-295.9,999999,999999
2197.5,2198,-310.9,999999,999999
2198,2198.5,-312.9,-39.59,3.9
2198.5,2199,-312.2,-40,7.8
2199,2199.5,-315.7,-40.34,7.1
2199.5,2200,-320.9,-40.95,6.8
2200,2200.5,-310.1,999999,999999
2200.5,2201,-318.4,999999,999999
2201,2201.5,-323,-40.81,3.5
2201.5,2202,-310.3,-39.39,4.8
2202,2202.5,-307.2,999999,999999
2202.5,2203,-303.7,999999,999999
2203,2203.5,-316.7,-40.03,3.6
2203.5,2204,-301.5,-37.93,1.9
2204,2204.5,-299.1,-37.83,3.5
2204.5,2205,-299.9,-37.71,1.8
2205,2205.5,-304,999999,999999
2205.5,2206,-301.8,999999,999999
2206,2206.5,-300.3,999999,999999
2206.5,2207,-311.9,999999,999999
2207,2207.5,-295.1,999999,999999
2207.5,2208,-302.5,999999,999999
2209,2209.5,-310.9,999999,999999
2209.5,2210,-298.1,999999,999999
2210,2210.5,-304.5,999999,999999
2210.5,2211,-299.4,999999,999999
2211,2211.5,-298.8,999999,999999
2211.5,2212,-293.7,999999,999999
2213,2213.5,-294,999999,999999
2213.5,2214,-299,999999,999999
2214,2214.5,-302.5,999999,999999
2214.5,2215,-296.3,999999,999999
2215,2215.5,-300.9,999999,999999
2215.5,2216,-297.8,999999,999999
2216,2216.5,-295.4,999999,999999
2216.5,2217,-295.6,999999,999999
2217,2217.5,-297.6,999999,999999
2217.5,2218,-297.4,999999,999999
2218,2218.5,-296.4,999999,999999
2218.5,2219,-293.4,999999,999999
2219,2219.5,-291.9,999999,999999
2219.5,2220,-297.2,999999,999999
2220,2220.5,-287.5,999999,999999
2220.5,2221,-289.5,999999,999999
2221,2221.5,-295.3,999999,999999
2221.5,2222,-297.7,999999,999999
2222,2222.5,-291.7,999999,999999
2222.5,2223,-290.9,999999,999999
2223,2223.5,-299.9,999999,999999
2223.5,2224,-295.9,999999,999999
2224,2224.5,-299.8,999999,999999
2224.5,2225,-294.4,999999,999999
2225,2225.5,-288.6,999999,999999
2225.5,2226,-298.7,999999,999999
2226,2226.5,-294.3,999999,999999
2226.5,2227,-295.3,999999,999999
2227,2227.5,-287.7,999999,999999
2227.5,2228,-296.3,999999,999999
2228,2228.5,-290.2,999999,999999
2228.5,2229,-288.2,999999,999999
2229,2229.5,-292.5,999999,999999
2229.5,2230,-291.2,999999,999999
2230,2230.5,-292.7,999999,999999
2230.5,2231,-286.8,999999,999999
2231,2231.5,-293.5,999999,999999
2231.5,2232,-298.3,999999,999999
2232,2232.5,-318.1,999999,999999
2232.5,2233,-320.7,999999,999999
2234,2234.5,-322.7,-41.3,7.7
2234.5,2235,-323.5,-41.31,6.9
2235,2235.5,-316.8,999999,999999
2235.5,2236,-317.9,999999,999999
2236,2236.5,-321.7,999999,999999
2236.5,2237,-318.1,999999,999999
2237,2237.5,-324,999999,999999
2237.5,2238,-311.4,999999,999999
2238,2238.5,-321.4,999999,999999
2238.5,2239,-315.4,999999,999999
2239,2239.5,-326.1,999999,999999
2239.5,2240,-313.8,999999,999999
2240,2240.5,-323.1,999999,999999
2240.5,2241,-317.3,999999,999999
2241,2241.5,-320.2,999999,999999
2241.5,2242,-322.4,999999,999999
2242,2242.5,-320.5,999999,999999
2242.5,2243,-322.8,999999,999999
2243,2243.5,-321.6,999999,999999
2243.5,2244,-314,999999,999999
2244,2244.5,-317.4,999999,999999
2244.5,2245,-312.2,999999,999999
2245,2245.5,-318.1,999999,999999
2245.5,2246,-315.5,999999,999999
2246,2246.5,-332.4,999999,999999
2246.5,2247,-322.8,999999,999999
2247,2247.5,-326.4,999999,999999
2247.5,2248,-326.7,999999,999999
2248,2248.5,-320.2,999999,999999
2248.5,2249,-322,999999,999999
2249,2249.5,-319.4,999999,999999
2249.5,2250,-328.3,999999,999999
2251.01,2251.5,-311.2,-39.73,6.6
2251.5,2252,-320.4,-40.62,4.6
2252.3,2252.5,-309.2,-39.19,4.3
2252.5,2253,-322,-40.95,5.6
2253,2253.5,-308.3,-39.07,4.2
2253.5,2253.7,-300.6,-38.37,6.3
2254,2254.5,-301.6,-38.05,2.8
2254.5,2255,-300.1,-37.75,1.9
2255,2255.5,-302.3,-38.29,4.1
2255.5,2256,-312.1,-39.49,3.8
2256,2256.5,-319.5,-40.45,4.1
2256.5,2257,-312.6,-39.63,4.5
2257,2257.5,-313.5,-39.81,5
2257.5,2258,-314.4,-40.25,7.6
2258,2258.5,-311.4,-39.65,5.8
2258.5,2259,-311.7,-39.58,4.9
2259,2259.5,-320.2,-40.87,6.8
2259.5,2260,-318.2,-40.72,7.5
2260.11,2260.5,-317.7,-40.51,6.4
2260.5,2261,-316,-40.29,6.3
2261,2261.5,-320.1,-40.96,7.6
2261.5,2262,-320.1,-40.82,6.5
2262.04,2262.5,-313.2,-40.01,6.8
2262.5,2263,-323.5,-41.21,6.2
2263,2263.5,-331.9,-42.03,4.3
2263.5,2264,-328.1,-41.62,4.9
2264,2264.5,-314.9,-40.09,5.9
2264.5,2265,-313.5,-39.87,5.5
2265,2265.5,-321.5,999999,999999
2265.5,2266,-317.4,999999,999999
2266,2266.5,-312.6,-39.58,4
2266.5,2266.97,-312.4,-39.62,4.5
2266.97,2267.5,-302.1,-38.31,4.4
2267.5,2268,-306.4,-38.8,4
2268,2268.5,-302.1,-38.48,5.7
2268.5,2269,-299.4,-37.84,3.4
2269,2269.5,-301.4,999999,999999
2269.5,2270,-304.4,999999,999999
2270,2270.5,-306.2,-38.83,4.4
2270.5,2271,-307.9,-38.87,3
2271,2271.5,-307.2,-38.73,2.7
2271.5,2272,-303.6,-38.53,4.7
2272,2272.5,-310.4,-39.22,3.4
2272.5,2273,-300.8,-38.28,5.5
2273,2273.5,-298.8,-37.88,4.2
2273.5,2274,-300.8,-37.9,2.3
2274,2274.5,-296.2,-37.16,1.1
2274.5,2275,-297.3,-37.6,3.5
2275,2275.5,-300.5,-37.84,2.2
2275.5,2276,-296.1,-37.14,1.1
2276,2276.5,-306.2,-38.84,4.5
2276.5,2277,-320.3,-40.36,2.5
2277,2277.5,-320.5,-40.18,1
2277.5,2278,-320.9,-40.82,5.7
2278,2278.5,-318.1,-40.61,6.8
2278.5,2279,-317.2,-40.75,8.8
2279,2279.5,-318,-40.71,7.7
2279.5,2280,-315.6,-40.58,9.1
2280,2280.5,-326.2,-41.67,7.1
2280.5,2281,-319.1,-40.78,7.2
2281.02,2281.5,-319.2,-40.78,7
2281.5,2282,-322.3,-41.16,7
2282,2282.5,-321.5,999999,999999
2282.5,2283,-325.7,999999,999999
2283,2283.5,-323.7,-41.23,6.1
2283.5,2284,-323,-41.2,6.5
2284,2284.5,-326.5,-41.68,6.9
2284.5,2285,-318.8,-40.52,5.3
2285,2285.5,-311.2,999999,999999
2285.5,2286,-310.1,999999,999999
2286,2286.5,-311.4,-39.31,3.1
2286.5,2287,-303.9,-38.42,3.4
2287,2287.5,-312.7,-39.59,4
2287.5,2288,-311.1,-39.37,3.8
2288,2288.5,-309,-39.27,5.1
2288.5,2289,-304.3,-38.58,4.3
2289,2289.5,-313.6,-39.78,4.6
2289.5,2290,-305.8,-38.97,6
2290,2290.5,-310.1,-39.31,4.4
2290.5,2291,-308.3,-38.99,3.7
2291,2291.5,-305.6,999999,999999
2291.5,2292,-301.1,999999,999999
2292,2292.5,-306.2,-38.75,3.8
2292.5,2293,-303.4,-38.26,2.7
2293,2293.5,-304.1,-38.53,4.1
2293.5,2294,-296.1,-37.46,3.6
2294,2294.5,-298.1,999999,999999
2294.5,2295,-295.2,999999,999999
2295,2295.5,-300.4,-38.13,4.6
2295.5,2296,-300.3,-37.95,3.3
2296.5,2297,-303.4,-38.41,3.9
2297,2297.5,-299.3,-38.15,5.8
2297.5,2298,-296.6,-37.65,4.6
2298,2298.5,-299.7,-38.02,4.5
2298.5,2299,-301.4,-38.09,3.3
2299,2299.5,-298.8,-37.86,4.1
2299.5,2300,-302.5,-38.57,6
2300,2300.5,-293.8,-37.4,5.5
2300.5,2301,-292.3,-37.07,4.2
2301,2301.5,-304.1,-38.43,3.4
2301.5,2302,-299.4,-37.73,2.5
2302,2302.5,-298.2,-37.7,3.5
2302.5,2303,-297.4,-37.69,4.1
2303,2303.5,-300.9,-38.03,3.4
2303.5,2304,-297.8,-37.48,2.1
2304,2304.5,-316.1,-40.12,4.9
2304.5,2305,-324.1,-41.2,5.5
2305,2305.5,-325.5,-41.62,7.4
2305.5,2306,-323.1,-41.13,5.9
2306,2306.5,-325.5,-41.64,7.6
2306.5,2307,-320.9,-40.95,6.6
2307,2307.5,-324.8,-41.41,6.5
2307.5,2308,-327.7,-41.59,5
2308,2308.5,-326.2,-41.64,6.9
2308.5,2309,-316.2,-40.27,5.9
2309,2309.5,-323.3,-41.17,6.1
2309.5,2310,-327.5,-41.97,8.3
2310,2310.5,-320.3,-40.68,5.1
2310.5,2311,-319.9,-41.14,9.2
2311,2311.5,-327.8,999999,999999
2311.5,2312,-318.6,999999,999999
2312,2312.5,-314.6,-40.23,7.3
2312.5,2313,-323.3,-41.15,5.9
2313,2313.5,-319.7,-40.69,5.8
2313.5,2314,-322.2,-41.28,8
2314,2314.5,-317.4,-40.18,4.1
2314.5,2315,-312.3,-39.57,4.2
2315,2315.5,-300.9,-37.62,0
2315.5,2316,-301.5,-38.08,3.1
2316,2316.5,-303,-38.27,3.1
2316.5,2317,-299.5,-37.89,3.6
2317,2317.5,-306.9,-38.84,3.8
2317.5,2318,-312,-39.52,4.2
2318,2318.5,-317.1,-40.33,5.6
2318.5,2319,-315.1,-39.91,4.2
2319,2319.5,-311,-39.74,6.9
2319.5,2320,-301.6,-38.29,4.7
2320,2320.5,-312.3,-39.62,4.7
2320.5,2321,-312.2,-39.67,5.2
2321,2321.5,-308.6,-38.97,3.1
2321.5,2321.96,-310.2,-39.34,4.5
2321.97,2322.5,-313.5,999999,999999
2322.5,2323,-310.5,999999,999999
2323,2323.5,-311.3,-39.24,2.6
2323.5,2324,-305.5,-38.51,2.6
2324,2324.5,-311.5,-39.41,3.8
2324.5,2325,-308.5,-39.02,3.7
2325,2325.5,-307,-39.13,6.1
2325.5,2326,-304.1,-38.48,3.8
2326,2326.5,-303.9,-38.32,2.7
2326.5,2327,-305.4,-38.32,1.2
2327,2327.5,-312,-39.54,4.3
2327.5,2328,-297.6,-37.74,4.3
2328,2328.5,-305.3,-38.64,3.8
2328.5,2329,-308.3,-39.25,5.6
2329,2329.5,-309.1,-39.05,3.3
2329.5,2330,-306,-38.58,2.7
2330,2330.5,-307.4,-38.72,2.3
2330.5,2331,-300.9,-38.18,4.6
2331,2331.5,-299.1,-37.63,2
2331.5,2332,-299.1,-37.89,4
2332,2332.5,-302.6,-37.92,0.8
2332.5,2333,-305.6,-38.32,1
2333,2333.5,-302.6,-38.2,3
2333.5,2334,-301.1,-38.1,3.7
2334,2334.5,-298.5,-37.87,4.5
2334.5,2335,-300,-38.04,4.4
2335,2335.5,-299.5,-37.72,2.2
2335.5,2336,-296.7,-37.49,3.2
2336,2336.5,-300.3,-38.07,4.3
2336.5,2337,-295.4,-37.28,2.8
2337,2337.5,-294.1,-37.13,2.9
2337.5,2338,-295.2,-37.24,2.8
2338,2338.5,-300.5,-38.01,3.6
2338.5,2339,-300.6,-37.9,2.6
2339,2339.5,-293.6,-37.24,4.3
2339.5,2340,-298.2,-37.55,2.1
2340,2340.5,-301.1,-37.91,2.2
2340.5,2340.98,-294.3,-37.15,2.9
2341,2341.5,-302.5,999999,999999
2342,2342.5,-297.2,-37.52,2.9
2342.5,2343,-296.3,-37.43,3.1
2343,2343.5,-300,-38.19,5.5
2343.5,2344,-297.4,-37.57,3.1
2344,2344.5,-296.1,-37.28,2.2
2344.5,2345,-292.2,-36.92,3.2
2345,2345.5,-294.4,-37.24,3.5
2345.5,2346,-292.2,-37,3.8
2346.5,2347,-295.3,-37.39,3.8
2347,2347.5,-288.3,-36.4,2.9
2347.5,2348,-288.7,-36.54,3.6
2348,2348.5,-286.3,-36.37,4.7
2348.5,2349,-290.4,-36.72,3.3
2349,2349.5,-289.8,-37.06,6.6
2349.5,2350,-293.4,-37.23,4.4
2350,2350.5,-298.5,-37.73,3.4
2350.5,2351,-294.1,-37.03,2.1
2351,2351.5,-283.6,-35.85,3.2
2351.5,2352,-290.4,-36.6,2.3
2353,2353.5,-295.9,-37.2,1.7
2353.5,2354,-285.3,-36.09,3.4
2354,2354.5,-285.7,-36.18,3.8
2354.5,2355,-295.2,-37.4,4
2355,2355.5,-285.9,-36.25,4.1
2355.5,2356,-283,-36.01,5.1
2356,2356.5,-286.1,-36.08,2.6
2356.5,2357,-288.1,-36.6,4.7
2357,2357.5,-287,-36.27,3.1
2357.5,2358,-284.6,-36.05,3.7
2358,2358.5,-281.6,-35.86,5.2
2358.5,2359,-292.2,-37.06,4.3
2359,2359.5,-312,-39.55,4.3
2359.5,2360,-321.7,-41.17,7.7
2360,2360.5,-316.7,-40.53,7.5
2360.5,2361,-319.3,-40.72,6.4
2361,2361.5,-312.4,-39.95,7.3
2361.5,2362,-315,-40.42,8.4
2363.01,2363.5,-316.3,-40.3,6.1
2363.5,2364,-315.1,-40.13,6
2364,2364.5,-309.1,-39.52,7.1
2364.5,2365,-309.1,-39.67,8.2
2365,2365.5,-315.1,-40.39,8.1
2365.5,2366,-313.6,-40.17,7.8
2366,2366.5,-312.2,-39.99,7.7
2366.5,2367,-311.2,-39.63,5.8
2367,2367.5,-319.6,-40.8,6.8
2367.5,2368,-318.2,-40.71,7.5
2368,2368.5,-316.2,-40.23,5.7
2368.5,2369,-308.5,-39.34,6.2
2369,2369.5,-315.9,-40.46,7.8
2369.5,2370,-310.1,-39.65,7.1
2370,2370.5,-312.9,-40.12,8.1
2370.5,2371,-325.6,-41.8,8.8
2371,2371.5,-316.7,-40.58,7.9
2371.5,2372,-313.2,-40.09,7.5
2372,2372.5,-323,-41.21,6.7
2372.5,2373,-315.2,-40.35,7.7
2373,2373.5,-312.1,-39.65,5.1
2373.5,2374,-303.9,-38.6,4.9
2375,2375.5,-304.5,-38.53,3.7
2375.5,2376,-308.8,-39.08,3.9
2376,2376.5,-307.6,-39,4.4
2376.5,2377,-310.7,-39.59,6
2377,2377.5,-305,-38.86,5.9
2377.5,2378,-307.9,-39.07,4.6
2378,2378.5,-307.3,-38.91,4
2378.5,2379,-307.1,-38.95,4.5
2379,2379.5,-297.6,-37.86,5.3
2379.5,2380,-302,-38.07,2.6
2380,2380.5,-297.6,-37.81,5
2380.5,2381,-300.5,-38,3.6
2381.02,2381.5,-300,-37.83,2.7
2381.5,2382,-299,-38.12,6
2383,2383.5,-306.9,-38.77,3.2
2383.5,2384,-296.6,-37.47,3.2
2384,2384.5,-302.4,-38.12,2.5
2384.5,2385,-299.6,-37.69,2
2385,2385.5,-300.8,-38.22,5
2385.5,2386,-305.1,-38.8,5.3
2386,2386.5,-320,-40.94,7.5
2386.5,2387,-313.5,-39.98,6.3
2387,2387.5,-314.3,-40.09,6.4
2387.5,2388,-311.9,-39.77,6.3
2388,2388.5,-310.1,-39.49,5.8
2388.5,2389,-308.9,-39.46,6.8
2389,2389.5,-302.7,-38.44,4.8
2389.5,2390,-302.4,-38.28,3.8
2390,2390.5,-300.8,-38.17,4.5
2390.5,2391,-303.9,-38.62,5.1
2391,2391.5,-304.1,-38.54,4.2
2391.5,2392,-313.7,-39.9,5.5
2392,2392.5,-300.7,-38.22,5
2392.5,2393,-314.3,-39.73,3.6
2393,2393.5,-312.4,-39.49,3.5
2393.5,2394,-309.4,-39.35,5.4
2394,2394.5,-306.6,-38.82,4
2394.5,2395,-307,-38.76,3.1
2395,2395.5,-304.3,-38.25,1.7
2395.5,2396,-308.8,-39.14,4.3
2397,2397.5,-307.4,-39.19,6.1
2397.5,2398,-304.3,-38.64,4.8
2398,2398.5,-308.1,-39.05,4.3
2398.5,2399,-301.6,-38.15,3.7
2399,2399.5,-307.6,-38.9,3.6
2399.5,2400,-309.1,-39.03,3.2
2400,2400.5,-308.3,-39.11,4.6
2400.5,2401,-305.5,-38.54,2.9
2401,2401.5,-303.4,-38.64,5.7
2401.5,2402,-306.4,-38.8,4
2403,2403.5,-302.3,-38.45,5.2
2403.5,2404,-308.4,-39.2,5.2
2404,2404.5,-305.1,-38.87,5.9
2404.5,2405,-307.7,-38.9,3.5
2405,2405.5,-315.8,-39.87,3.1
2405.5,2406,-304,-38.73,5.9
2407,2407.5,-301.7,-38.07,2.8
2407.5,2408,-311.6,-39.38,3.4
2408,2408.5,-310.5,-39.45,5.1
2408.5,2409,-304,-38.37,3
2409,2409.5,-307.3,-39.12,5.6
2409.5,2410.03,-302.9,-38.34,3.8
2410.03,2410.5,-303.3,-38.55,5.1
2410.5,2411,-300.8,-38,3.2
2411,2411.5,-303,-38.39,4.2
2411.5,2412,-298.9,-37.56,1.5
2412,2412.5,-301,-38.26,5
2412.5,2413,-304,-38.26,2.1
2413,2413.5,-305.7,-38.44,1.8
2413.5,2414,-300.5,-37.95,3.1
2414,2414.5,-305.3,-38.78,4.9
2414.5,2415,-306.2,-39.07,6.4
2415,2415.5,-307.4,-38.83,3.2
2415.5,2416,-305.2,-38.82,5.3
2416,2416.5,-304,-38.81,6.5
2416.5,2417,-299.4,-38.15,5.9
2417,2417.5,-293.9,-37.39,5.3
2417.5,2418,-293.1,-36.95,2.5
2418,2418.5,-302.6,-38.61,6.3
2418.5,2419,-306.9,-39.11,5.9
2419,2419.5,-301.3,-38,2.7
2419.5,2420,-302.1,-38.36,4.8
2420,2420.5,-296.6,-37.6,4.2
2420.5,2421,-296.3,-37.77,5.9
2421.11,2421.5,-300.5,-37.79,1.8
2421.5,2422,-300.5,-38.23,5.3
2423,2423.5,-296.5,-37.78,5.7
2423.5,2424,-294.7,-37.27,3.4
2424,2424.5,-296.3,-37.32,2.3
2424.5,2425,-300.7,-37.98,3.1
2425,2425.5,-290.9,-36.73,3
2425.5,2426,-297.8,-37.85,5
2426,2426.5,-297.5,-37.75,4.5
2426.5,2427,-295.5,-37.64,5.6
2427,2427.5,-293,-37.13,4.1
2427.5,2428,-299.2,-37.88,3.8
2428,2428.5,-297.6,-37.6,3.2
2428.5,2429,-295.3,-37.25,2.8
2429,2429.5,-301.5,-38.06,3.1
2429.5,2430,-288.1,-36.85,6.7
2430,2430.5,-293.9,-37.42,5.4
2430.5,2431,-301.4,-37.94,2.1
2431.11,2431.5,-299.7,-37.82,2.9
2431.5,2432,-295.4,-37.54,4.9
2432,2432.5,-300.6,-38.13,4.4
2432.5,2433,-294.3,-37.12,2.7
2433,2433.5,-293.5,-37.72,8.2
2433.5,2434,-289.2,-36.89,5.9
2434,2434.5,-285.3,-37.13,11.7
2434.5,2435.03,-288.5,-36.21,1.2
2435.03,2435.53,-286.4,-35.98,1.5
2435.53,2436.03,-291.7,-36.75,2.3
2436.03,2436.53,-290,-36.76,4.1
2436.53,2437.03,-294.6,-36.9,0.7
2437.03,2437.53,-296.2,-37.26,1.9
2437.53,2438.03,-294.8,-37.3,3.6
2438.03,2438.5,-291.4,-36.75,2.6
2438.5,2439,-299,-37.88,4.1
2439,2439.5,-293.6,-37.09,3.1
2439.5,2440,-290,-36.94,5.6
2440,2440.5,-293.5,-37.38,5.6
2440.5,2441,-296.5,-37.89,6.7
2441.01,2441.5,-291.4,-37.17,5.9
2441.5,2442,-291.7,-37.24,6.2
2443,2443.5,-286.4,-36.58,6.3
2443.5,2444,-286.8,-36.7,6.9
2444,2444.5,-290.5,-37.02,5.6
2444.5,2444.95,-285.8,-36.41,5.5
2444.98,2445.5,-288.9,-36.83,5.7
2445.5,2446,-289.1,-36.9,6.1
2446,2446.5,-287.2,-36.71,6.4
2447,2447.5,-293.1,-37.5,6.9
2447.5,2448,-290.9,-37.05,5.5
2448,2448.5,-289.4,-36.88,5.7
2448.5,2449,-289.3,-36.98,6.6
2449,2449.5,-280.2,-35.87,6.8
2449.5,2450,-286.4,-36.5,5.6
2450,2450.5,-287.9,-36.61,5
2450.5,2451,-283.5,-36.02,4.7
2451,2451.5,-293.1,-37.5,7
2451.5,2452,-294.7,-37.76,7.4
2452,2452.5,-287.2,-36.7,6.4
2452.5,2453,-288.2,-36.78,6.1
2453,2453.5,-293,-37.27,5.1
2453.5,2454,-289.9,-37.03,6.3
2455,2455.5,-314.1,-40.3,8.3
2455.5,2456,-316.9,-40.76,9.2
2456,2456.5,-308.5,-39.75,9.4
2456.5,2457,-313.5,-40.44,10
2457,2457.5,-304.2,-39.16,9.1
2457.5,2458,-313.9,-40.38,9.1
2458,2458.5,-312.7,-40.15,8.5
2458.5,2459,-309.8,-39.79,8.6
2459,2459.5,-309.4,-39.67,8
2459.5,2460,-307.3,-39.49,8.6
2460,2460.5,-298.7,-38.27,7.4
2460.5,2461,-285.6,-36.32,5
2461.1,2461.5,-287.6,-36.54,4.7
2461.5,2462,-308.8,-39.57,7.7
2462,2462.5,-311.8,-39.99,8.1
2462.5,2463,-310.1,-39.9,9.1
2463,2463.5,-314.4,-40.16,6.9
2463.5,2464,-313.2,-40.22,8.6
2465,2465.5,-291.5,-37.07,5.1
2465.5,2466,-294.2,-37.57,6.4
2466,2466.5,-295.9,-37.66,5.4
2466.5,2467,-292.4,-37.25,5.7
2467,2467.5,-292.9,-37.4,6.3
2467.5,2468,-292,-37.15,5.3
2468,2468.5,-291.6,-37.03,4.6
2468.5,2469,-296.1,-37.74,5.8
2469,2469.5,-310.3,-39.8,8.1
2469.5,2470,-319.1,-40.99,8.8
2470,2470.5,-309.9,-39.85,8.9
2470.5,2471,-312.8,-40.13,8.2
2471,2471.5,-307.2,-39.45,8.4
2471.5,2472,-312.7,-40.26,9.4
2472,2472.5,-309.9,-39.86,8.9
2472.5,2473,-313.2,-40.12,7.7
2473,2473.5,-306.2,-39.41,9.1
2473.5,2474,-304.7,-39.2,8.9
2474,2474.5,-306.1,-39.36,8.8
2474.5,2475,-306.3,-39.28,7.9
2475,2475.5,-298.4,-38.23,7.4
2475.5,2476,-299.5,-38.36,7.4
2476,2476.5,-301.4,-38.52,6.8
2476.5,2477,-298.4,-38.31,8
2477,2477.5,-299.2,-38.37,7.8
2477.5,2478,-296.7,-38.24,9.2
2478,2478.5,-304.4,-39.14,8.8
2478.5,2479,-302.6,-38.96,9.1
2479,2479.5,-301.1,-38.67,8.2
2479.5,2480,-306.4,-39.33,8.2
2480,2480.5,-307.1,-39.41,8.2
2480.5,2480.96,-297.1,-38.36,9.7
2481.95,2482.45,-305.4,-39.31,9.1
2482.45,2482.95,-295.2,-37.96,8.5
2482.95,2483.45,-300.3,-38.47,7.4
2483.45,2483.95,-297.9,-38.24,8
2483.95,2484.47,-298.4,-38.23,7.4
2484.47,2484.97,-299.3,-38.26,6.8
2484.97,2485.5,-299.5,-38.37,7.5
2485.5,2486,-299.1,-38.38,7.9
2486,2486.5,-298.7,-38.3,7.8
2486.5,2487,-290.6,-37.29,7.7
2487,2487.5,-296.8,-38.07,7.8
2487.5,2488,-296.1,-37.99,7.8
2488,2488.5,-292.7,-37.54,7.6
2488.5,2489,-287.6,-36.89,7.5
2489,2489.5,-290.7,-37.14,6.5
2489.5,2490,-290.1,-37.15,7.2
2491,2491.5,-289.5,-37.1,7.4
2491.5,2492,-290,-37.13,7
2492,2492.5,-309,-39.94,10.5
2492.5,2493,-303.9,-39.28,10.4
2494,2494.5,-289.1,-36.89,6.1
2494.5,2495,-317.1,-40.72,8.6
2495,2495.5,-312.4,-40.35,10.4
2495.5,2496,-311.2,-40.34,11.5
2496.5,2497,-310.5,-39.98,9.3
2497,2497.5,-303.2,-39.07,9.3
2497.5,2498,-288.6,-37.08,8.1
2498,2498.5,-296.2,-37.9,7
2498.5,2499,-289.8,-37.23,8
2499,2499.5,-294,-37.73,7.9
2499.5,2500,-301.9,-39.1,11
2500,2500.5,-294.8,-37.81,7.7
2500.5,2501,-292.7,-37.63,8.3
2501.01,2501.5,-282.7,-36.4,8.5
2501.5,2502,-288,-37.12,9
2502,2502.5,-287.5,-36.9,7.7
2502.5,2503,-284.7,-36.68,8.7
2503,2503.5,-306.5,-39.69,11.1
2503.5,2504,-312.5,-40.67,12.9
2504,2504.5,-314.7,-40.9,12.5
2504.5,2505,-305.9,-39.82,12.7
2505,2505.5,-291.7,-37.64,9.5
2505.5,2506,-286.7,-36.84,8
2506,2506.5,-283.1,-36.25,6.9
2506.5,2507,-305.4,-39.25,8.6
2507,2507.5,-315.4,-40.83,11.3
2507.5,2508,-316,-41.11,12.9
2508,2508.5,-313.8,-40.33,8.9
2508.5,2509,-318.3,-40.87,8.7
2509,2509.5,-320.8,-41.18,8.7
2509.5,2510,-320.5,-41.19,9.1
2510,2510.5,-317,-40.71,8.7
2510.5,2511,-319.5,-41.02,8.7
2511,2511.5,-323.2,-41.42,8.1
2511.5,2512,-310.8,-40.01,9.2
2512,2512.5,-310.2,-40.02,10
2512.5,2513,-312.8,-40.24,9.2
2513,2513.5,-313.5,-40.36,9.4
2513.5,2514,-309.3,-39.73,8.6
2514,2514.5,-316.5,-40.58,8.1
2514.5,2515,-315.8,-40.57,8.8
2515,2515.5,-320.5,-41.16,8.8
2515.5,2516,-315.1,-40.44,8.4
2516,2516.5,-314.5,-40.3,7.9
2516.5,2517,-319.1,-40.98,8.8
2517,2517.5,-317.2,-40.76,8.9
2517.5,2518,-309.6,-39.69,8
2518,2518.5,-321.2,-41.2,8.3
2518.5,2519,-313.5,-40.23,8.3
2519,2519.5,-314.9,-40.44,8.6
2519.5,2520,-313.8,-40.38,9.2
2520,2520.5,-324.9,-41.63,8.2
2520.5,2521,-318.5,-40.89,8.6
2521,2521.5,-314.9,-40.47,8.8
2521.5,2522,-312.8,-40.28,9.4
2523.01,2523.5,-318.8,-40.81,7.7
2523.5,2524,-319.4,-41.12,9.6
2524,2524.5,-327.1,-42.01,9
2524.5,2525,-323.7,-41.54,8.7
2525,2525.5,-321.9,-41.5,10.1
2525.5,2526,-323.5,-41.6,9.3
2526,2526.5,-319.3,-40.91,8
2526.5,2527,-323.2,-41.55,9.2
2527,2527.5,-323.7,-41.68,9.7
2527.5,2528,-324.6,-41.73,9.2
2528,2528.5,-325.2,-41.81,9.2
2528.5,2529,-317.8,-40.79,8.5
2529,2529.5,-319.2,-41.05,9.2
2529.5,2530,-317,-40.77,9.2
2530,2530.5,-316.1,-40.61,8.7
2530.5,2531,-319.1,-40.92,8.3
2531,2531.5,-315.3,-40.38,7.7
2531.5,2532,-318.5,-40.98,9.4
2532,2532.5,-318.4,-40.82,8.2
2532.5,2533,-323.1,-41.29,7.3
2533,2533.5,-296.2,-37.74,5.8
2533.5,2534.03,-297.8,-37.83,4.8
2534.04,2534.5,-296,-37.65,5.2
2534.5,2534.97,-296.2,-37.75,5.8
2534.97,2535.5,-294.5,-37.41,4.8
2535.5,2535.97,-310.6,-39.36,4.3
2535.97,2536.5,-323.8,-41.58,8.9
2536.5,2536.97,-322.8,-41.38,8.3
2536.97,2537.5,-318.2,-40.78,8.1
2537.5,2537.97,-324,-41.59,8.8
2537.97,2538.5,-316.6,-40.6,8.2
2538.5,2538.97,-320.6,-41.09,8.1
2538.97,2539.5,-315.1,-40.24,6.8
2539.5,2540,-314.3,-40.12,6.7
2540,2540.5,-322.7,-41.24,7.2
2540.5,2541,-315.1,-40.38,7.9
2541,2541.5,-317.9,-40.66,7.4
2541.5,2542,-326,-41.73,7.9
2542,2542.5,-319.1,-40.96,8.6
2542.5,2543,-329.2,-42.23,8.7
2543,2543.5,-323,-41.48,8.9
2543.5,2544,-320.6,-41.24,9.3
2544,2544.5,-323.8,-41.6,9
2544.5,2545,-327.5,-42.07,9.1
2547,2547.5,-319.9,-40.99,8.1
2547.5,2548,-316.2,-40.64,8.9
2548,2548.5,-318.2,-40.82,8.3
2548.5,2549,-314.9,-40.39,8.2
2549,2549.5,-325,-41.61,7.9
2549.5,2550,-323.6,-41.51,8.4
2550,2550.5,-317.8,-40.78,8.4
2550.5,2551,-320.2,-41.11,8.7
2551,2551.5,-320.6,-41.08,8
2551.5,2552,-310.7,-39.88,8.3
2552,2552.5,-318.2,-40.87,8.8
2552.5,2553,-325.3,-41.65,7.9
2553,2553.5,-327.2,-42.06,9.3
2553.5,2554,-325.5,-41.76,8.6
2554,2554.5,-322.9,-41.64,10.2
2554.5,2555,-333.2,-42.79,9.1
2555,2555.5,-325.2,-41.64,8
2555.5,2556,-324,-41.46,7.7
2556,2556.5,-331.7,-42.44,7.8
2556.5,2557,-320,-41.08,8.6
2557,2557.5,-327.4,-42.02,8.8
2557.5,2558,-326.3,-41.97,9.5
2558,2558.5,-327.4,-42.08,9.3
2558.5,2559,-319.8,-41,8.1
2559,2559.5,-323.4,-41.56,9.1
2559.5,2560,-323.9,-41.6,8.9
2560,2560.5,-325.5,-41.83,9.1
2560.5,2561,-320.1,-41.01,8
2561,2561.5,-316,-40.42,7.4
2561.5,2562,-307.8,-39.37,7.1
2563,2563.5,-309.7,-39.61,7.1
2563.5,2564,-333.2,-42.83,9.4
2564,2564.5,-328.3,-42.22,9.5
2564.5,2565,-330.9,-42.63,10.1
2565,2565.5,-330.8,-42.51,9.3
2565.5,2566,-321.8,-41.35,9
2566,2566.5,-324.4,-41.76,9.7
2566.5,2567,-322.9,-41.52,9.2
2567,2567.5,-317.6,-40.69,7.9
2567.5,2568,-316.6,-40.58,8.1
2568,2568.5,-311.8,-39.41,3.4
2568.5,2569,-312.9,-39.78,5.3
2569,2569.5,-319.7,-41.03,8.5
2569.5,2570,-310.4,-39.71,7.3
2570,2570.5,-304.4,-38.71,5.2
2570.5,2571,-300.6,-38.26,5.5
2571,2571.5,-295.9,-37.82,6.7
2571.5,2572,-300.5,-38.41,6.8
2572,2572.5,-296.8,-37.99,7.1
2572.5,2573,-298.1,-38.01,6
2573,2573.5,-296.8,-37.77,5.4
2573.5,2574,-296.4,-37.87,6.5
2574,2574.5,-296.7,-37.88,6.3
2574.5,2575,-293.6,-37.28,4.6
2575,2575.5,-296.6,-37.93,6.8
2575.5,2576,-293.1,-37.55,7.3
2576,2576.5,-293.3,-37.52,6.8
2576.5,2577,-298.5,-38.19,7.1
2577,2577.5,-294.8,-37.79,7.5
2577.5,2578,-290.1,-37.15,7.1
2578,2578.5,-295.1,-37.66,6.1
2578.5,2579,-291.6,-37.32,6.9
2579,2579.5,-286.6,-36.64,6.6
2579.5,2580,-287.1,-36.75,6.9
2580,2580.5,-289.8,-37.11,7.1
2580.5,2581,-290.4,-37.09,6.3
2581,2581.5,-285.8,-36.52,6.4
2581.5,2582,-283.2,-36.2,6.4
2584,2584.5,-295.7,-37.68,5.7
2584.5,2585,-330.7,-42.6,10.1
2585,2585.5,-328.9,-42.51,11.1
2585.5,2586,-332.3,-42.92,11.1
2586,2586.5,-334.1,-42.97,9.7
2587,2587.5,-330,-42.44,9.5
2587.5,2588,-321,-41.2,8.6
2588,2588.5,-331.8,-42.36,7.1
2588.5,2589,-333.9,-42.88,9.2
2589,2589.5,-334.8,-43.08,9.8
2589.5,2590,-335.1,-43.06,9.4
2590,2590.5,-334,-42.83,8.6
2590.5,2591,-330.2,-42.82,12.4
2591,2591.5,-323.2,-41.4,8
2591.5,2592.06,-317.8,999999,999999
2592.06,2592.56,-304.9,-38.85,5.9
2592.56,2593.11,-305.8,-38.92,5.5
2593.11,2593.61,-308.7,-39.32,5.9
2593.61,2594.11,-303.7,-39.12,9.3
2594.11,2594.61,-306.7,-38.69,2.9
2594.61,2595.11,-306.7,-39.26,7.4
2595.11,2595.61,-306.1,-39.27,8.1
2595.61,2596.11,-303.6,-38.87,7.4
2597.12,2597.62,-298.9,-38.32,7.7
2597.62,2598,-297.1,-38.04,7.2
2598,2598.5,-297.4,-38.18,8.1
2598.5,2599,-296.3,-37.95,7.3
2599,2599.5,-299.4,-38.36,7.5
2599.5,2600,-299.8,-38.33,6.9
2600,2600.5,-294,-37.59,6.7
2600.5,2601,-296.8,-37.8,5.6
2601,2601.5,-296.2,-37.88,6.9
2601.5,2602,-296.2,-38.06,8.3
2602,2602.5,-294.6,-37.89,8.6
2602.5,2603,-298.3,-38.34,8.4
2603,2603.5,-292.6,-37.5,7.4
2603.5,2604,-294.7,-37.7,6.9
2604,2604.5,-292.3,-37.79,10
2604.5,2605,-289.7,-37.39,9.5
2605,2605.5,-291.1,-37.41,8.2
2605.5,2606,-293.1,-37.62,7.9
2606,2606.5,-292.5,-37.59,8.2
2606.5,2607,-291.2,-37.25,6.7
2607,2607.5,-291.1,-37.15,6.1
2607.5,2608,-287.8,-36.7,5.7
2608,2608.5,-287.2,-36.76,6.9
2608.5,2609,-283.4,-36.06,5.1
2609,2609.5,-284.8,-36.45,6.8
2609.5,2610,-284.8,-36.37,6.2
2610,2610.5,-284.7,-36.42,6.7
2610.5,2611,-284,-36.26,6.1
2612,2612.5,-293.9,-37.46,5.8
2612.5,2613,-318.8,-40.87,8.2
2613,2613.5,-321.4,-41.09,7.3
2613.5,2614,-323.3,-41.74,10.6
2614,2614.5,-317.1,-40.9,10.2
2614.5,2615,-322.9,-41.56,9.6
2615,2615.5,-322.9,-41.54,9.4
2615.5,2616,-322.4,-41.54,9.9
2616,2616.5,-320.3,-41.14,8.9
2616.5,2617,-322.4,-41.58,10.2
2617,2617.5,-322.9,-41.55,9.5
2617.5,2618,-327.1,-42.3,11.2
2618,2618.5,-318.7,-41.04,9.6
2618.5,2619,-311.4,-39.99,8.5
2619,2619.5,-300.6,-38.69,8.9
2619.5,2620,-299.4,-38.29,6.9
2620,2620.5,-298,-38.19,7.6
2620.5,2621,-297.6,-38.09,7.1
2622,2622.5,-308.6,-39.56,7.9
2622.5,2623,-306.9,-39.48,9
2623,2623.5,-305.4,-39.14,7.7
2623.5,2624,-303.1,-38.93,8.4
2624,2624.5,-300.8,-38.62,8.2
2624.5,2625,-304.2,-39.06,8.3
2625,2625.5,-302.1,-38.68,7.3
2625.5,2626,-299.4,-38.59,9.4
2626,2626.5,-296.9,-38.22,8.9
2626.5,2627,-293.1,-37.58,7.6
2627,2627.5,-294.6,-37.02,1.5
2627.5,2628,-294.6,-37.43,4.8
2628,2628.5,-295.8,-37.9,7.4
2628.5,2629,-299,-38.27,7.1
2631,2631.5,-302,-38.85,8.8
2631.5,2632,-301.1,-38.39,6.1
2632,2632.5,-297.1,-38.25,8.9
2632.5,2633,-301.7,-38.56,6.8
2633,2633.5,-297.8,-38.47,10
2633.5,2634,-297.5,-38.38,9.6
2634,2634.5,-301.2,-38.59,7.5
2634.5,2635,-295,-37.94,8.5
2635,2635.5,-295.9,-38.12,9.1
2635.5,2636,-296.5,-38.28,9.7
2636,2636.5,-295.7,-38.08,9
2636.5,2637,-295.7,-37.91,7.6
2637,2637.5,-296.9,-38.22,8.8
2637.5,2638,-298.3,-38.41,8.9
2638,2638.5,-291.2,-37.58,9.4
2638.5,2639,-297.1,-38.34,9.6
2639,2639.5,-295.9,-38.27,10.3
2639.5,2640,-291.6,-37.42,7.8
2640,2640.5,-290.9,-37.34,7.9
2640.5,2641,-296.3,-38.01,7.8
2641,2641.5,-290.4,-37.37,8.5
2641.5,2642,-292.1,-37.71,9.5
2642,2642.5,-292.4,-37.69,9.1
2642.5,2643,-291.9,-37.41,7.4
2643,2643.5,-288.5,-37.14,8.6
2643.5,2644,-291.7,-37.66,9.5
2644,2644.5,-285.4,-36.76,8.6
2644.5,2645,-294.2,-37.82,8.4
2645,2645.5,-289,-37.12,7.9
2645.5,2646,-286.4,-36.58,6.2
2649,2649.5,-286,-36.87,9
2649.5,2650,-281.5,-36.39,9.7
2650,2650.5,-285.8,-36.78,8.4
2650.5,2651,-281.7,-36.27,8.5
2651,2651.5,-287.1,-36.95,8.5
2651.5,2652,-284.8,-36.84,9.9
2652,2652.5,-286.7,-36.93,8.8
2652.5,2653,-283.6,-36.52,8.6
2653,2653.5,-286,-36.75,8
2653.5,2654,-284.8,-36.62,8.1
2654,2654.5,-284.5,-36.66,8.8
2654.5,2655.03,-285.5,-36.75,8.4
2655.03,2655.5,-287.3,-37.05,9
2655.5,2656,-286.8,-37.16,10.5
2656,2656.5,-284.9,-36.72,8.8
2656.5,2657,-285.6,-36.87,9.3
2657,2657.5,-284.8,-36.8,9.6
2658,2658.5,-284.3,-36.69,9.2
2658.5,2659,-284.1,-36.52,8
2659,2659.5,-282.2,-36.49,9.7
2659.5,2660,-284.1,-36.67,9.3
2660,2660.5,-285.8,-36.96,9.9
2660.5,2661,-282.7,-36.53,9.6
2661,2661.5,-278.1,-35.76,8
2661.5,2662,-279.9,-36.08,8.7
2663,2663.5,-284.3,-36.79,9.9
2663.5,2664,-281.8,-36.51,10.3
2664,2664.5,-285.7,-37.01,10.4
2664.5,2665,-280.1,-36.17,9.3
2665,2665.5,-276.5,-35.66,8.8
2665.5,2666,-279.9,-36.15,9.3
2666,2666.5,-281.4,-36.3,9
2666.5,2667,-276.9,-35.6,7.9
2667,2667.5,-282.2,-36.36,8.7
2667.5,2668,-284.2,-36.72,9.5
2668,2668.5,-283.5,-36.56,9
2668.5,2669,-280.2,-36.17,9.2
2669,2669.5,-280.6,-36.2,9.1
2669.5,2670,-282.4,-36.41,8.8
2670,2670.5,-279.9,-36.08,8.8
2670.5,2671,-285.6,-36.86,9.3
2671,2671.5,-281.9,-36.23,8
2671.5,2672,-284.8,-36.71,8.9
2672,2672.5,-281.3,-36.17,8
2672.5,2673,-280.7,-36.14,8.5
2673,2673.5,-277.4,-35.36,5.5
2673.5,2674,-279,-35.7,6.6
2674,2674.5,-275.4,-35.24,6.6
2674.5,2675,-279.1,-35.73,6.7
2678,2678.5,-284.5,-36.49,7.5
2678.5,2679,-282.9,-36.32,7.7
2679,2679.5,-299.2,-38.65,10
2679.5,2680,-297.5,-38.35,9.3
2680,2680.5,-298.9,-38.66,10.4
2680.5,2681,-295.9,-38.21,9.8
2681,2681.5,-300.7,-38.87,10.2
2681.5,2682,-304.2,-39.26,9.8
2682,2682.5,-299.9,-38.8,10.5
2682.5,2683,-303.4,-39.11,9.5
2683,2683.5,-297.6,-38.3,8.8
2683.5,2684,-302.8,-38.96,8.9
2684,2684.5,-302.4,-38.91,8.9
2684.5,2685,-304.1,-39.1,8.7
2685,2685.5,-305.5,-39.36,9.4
2685.5,2686,-305.8,-39.21,7.9
2686,2686.5,-306.4,-39.48,9.5
2686.5,2687,-306.8,-39.49,9.1
2687,2687.5,-307.3,-39.39,7.8
2687.5,2688,-308.7,-39.52,7.5
2688,2688.5,-311.2,-40.09,9.5
2688.5,2689,-313.8,-40.46,9.9
2689,2689.5,-310.6,-39.74,7.4
2689.5,2690,-310,-39.71,7.7
2690,2690.5,-304.6,-38.97,7.1
2690.5,2691,-310.1,-39.7,7.5
2691.01,2691.5,-308.3,-39.59,8.4
2691.5,2692,-305.2,-39.22,8.6
2692,2692.5,-294.2,-37.67,7.1
2692.5,2693,-297.2,-37.78,5.1
2693.01,2693.5,-304.1,-38.84,6.6
2693.5,2694,-299.5,-38.13,5.5
2694,2694.5,-296.8,-37.93,6.6
2694.5,2695,-297.2,-38.08,7.4
2695,2695.5,-296,-37.89,7.1
2695.5,2696,-292.2,-37.34,6.5
2697,2697.5,-295.7,-37.79,6.6
2697.5,2698,-298.4,-38.49,9.5
2698,2698.5,-298.6,-38.33,8
2698.5,2699,-293.6,-37.84,9.1
2699,2699.5,-292.6,-37.72,9.1
2699.5,2700,-294.1,-37.53,6.1
2700,2700.5,-293.2,-37.69,8.3
2700.5,2701,-289.5,-37.3,8.9
2701,2701.5,-290.5,-37.16,6.8
2701.5,2702,-291.8,-37.22,5.9
2702,2702.5,-290.6,-37.11,6.3
2702.5,2703,-291.7,-37.38,7.4
2703,2703.5,-294.7,-37.76,7.4
2703.5,2704,-295.8,-37.96,7.9
2704,2704.5,-298.1,-38.26,8
2704.5,2705,-303.2,-39.04,9.2
2705,2705.5,-303.8,-38.79,6.5
2705.5,2706,-301.1,-38.38,6
2706,2706.5,-300.6,-38.32,6
2706.5,2707,-303.6,-38.68,5.9
2707,2707.5,-303.8,-38.72,5.9
2707.5,2708,-301.7,-38.52,6.4
2708,2708.5,-301.3,-38.57,7.2
2708.5,2709,-304.4,-38.92,6.9
2709,2709.5,-301.8,-38.62,7.1
2709.5,2710,-307.8,-39.31,6.7
2710,2710.5,-301.9,-38.75,8.1
2710.5,2711,-307.8,-39.49,8.2
2711,2711.5,-306.3,-39.07,6.3
2711.5,2712,-302.8,-38.82,7.8
2712,2712.5,-304,-39.12,8.9
2712.5,2713,-306.3,-39.34,8.4
2713,2713.5,-303.1,-38.92,8.3
2713.5,2714,-307.1,-39.47,8.7
2714,2714.5,-300.7,-38.61,8.1
2714.5,2715.03,-301.7,-38.74,8.2
2715.03,2715.5,-306.1,-39.45,9.5
2715.5,2716,-306.2,-39.53,10.1
2716,2716.5,-307.7,-39.67,9.7
2716.5,2717,-302.2,-38.96,9.4
2717,2717.5,-305.9,-39.19,7.6
2717.5,2718,-302.1,-38.8,8.3
2718,2718.5,-301.8,-38.83,8.8
2718.5,2719,-302.6,-38.89,8.6
2719,2719.5,-298.2,-38.3,8.2
2719.5,2720,-304.4,-39.33,10.3
2720,2720.5,-301.8,-38.87,9.2
2720.5,2721,-301.4,-38.62,7.6
2721,2721.5,-300.8,-38.61,8.1
2721.5,2722,-301.8,-38.83,8.9
2723,2723.5,-300.1,-38.51,8
2723.5,2724,-302.6,-38.9,8.6
2724,2724.5,-299.1,-38.45,8.5
2724.5,2725,-296.4,-38.21,9.2
2725,2725.5,-300,-38.81,10.5
2725.5,2726,-298.6,-38.61,10.2
2726,2726.5,-299.9,-38.64,9.3
2726.5,2727,-298.4,-38.46,9.3
2727,2727.5,-296.8,-38.2,8.7
2727.5,2728,-299.2,-38.67,10.1
2728,2728.5,-298.7,-38.63,10.3
2728.5,2729,-299.3,-38.62,9.6
2729,2729.5,-296,-38.14,9.1
2729.5,2730,-298.6,-38.45,9
2730,2730.5,-296,-38.72,13.8
2730.5,2731.02,-292.8,-38.12,12.1
2731.02,2731.52,-294.3,-38.09,10.4
2731.52,2732.02,-294,-38.01,10.1
2732.02,2732.52,-292,-37.75,10
2732.52,2733.02,-292.9,-37.93,10.5
2733.02,2733.52,-294.2,-38.26,11.9
2733.52,2734.02,-289.5,-37.33,9.1
2734.02,2734.52,-289.5,-37.31,9
2734.52,2735.02,-287.8,-37.1,8.9
2735.02,2735.5,-291.6,-37.76,10.5
2735.5,2736,-289.8,-37.53,10.4
2736,2736.5,-290.1,-37.5,9.9
2736.5,2737,-288.9,-37.39,10.2
2737,2737.5,-286.6,-37.08,10.1
2737.5,2738,-288.6,-37.03,7.6
2738,2738.5,-285.6,-37.17,11.8
2738.5,2739,-283.3,-36.65,9.9
2739,2739.5,-285.6,-36.92,9.7
2739.5,2740,-283.8,-36.55,8.6
2740,2740.5,-288.9,-36.56,3.6
2740.5,2741,-285.3,-36.78,8.9
2741,2741.5,-284.5,-36.57,8.1
2741.5,2742,-282.4,-36.36,8.5
2742,2742.5,-281.9,-36.42,9.5
2742.5,2743,-280.8,-36.13,8.3
2743,2743.5,-278.5,-35.94,9
2743.5,2744,-281.4,-36.25,8.7
2744,2744.5,-279.4,-36.03,8.8
2744.5,2745,-280.1,-36.16,9.2
2745,2745.5,-280.6,-36.22,9.2
2745.5,2746,-277.4,-35.87,9.5
2747,2747.5,-280.2,-36.11,8.7
2747.5,2748,-282.8,-36.4,8.3
2749.02,2749.52,-299.5,-38.89,11.6
2749.52,2750.02,-297.1,-38.66,12.1
2750.02,2750.52,-301.4,-38.99,10.5
2750.52,2751.02,-294.5,-38.22,11.2
2751.02,2751.52,-294.5,-38.27,11.7
2751.52,2752.02,-297.4,-38.62,11.5
2752.02,2752.52,-293.3,-38.28,12.9
2752.52,2753.02,-294.3,-38.28,11.9
2753.02,2753.52,-296.1,-38.35,10.7
2753.52,2754,-296.4,-38.46,11.3
2754,2754.5,-288.2,-37.27,9.9
2754.5,2755,-293.5,-38.25,12.5
2755,2755.5,-293.4,-38.09,11.3
2755.5,2756,-300.5,-39.03,11.8
2756,2756.5,-299.2,-38.89,11.9
2756.5,2757,-300.1,-39.25,13.9
2758,2758.5,-284,-36.82,10.6
2758.5,2759,-294.6,-38.02,9.5
2759,2759.5,-312,-40.41,11.3
2759.5,2760,-307,-39.79,11.4
2760,2760.5,-307.8,-39.75,10.2
2760.5,2761,-290,-37.34,8.7
2762,2762.5,-296.5,-37.97,7.2
2762.5,2763,-293.8,-37.52,6.3
2763,2763.5,-298.6,-38.5,9.4
2763.5,2764,-303.8,-39.17,9.5
2764,2764.5,-295,-37.87,8
2764.5,2765,-292.3,-37.47,7.4
2765,2765.5,-294.6,-37.83,8.1
2765.5,2766,-291.1,-37.59,9.6
2766,2766.5,-291.5,-37.59,9.2
2766.5,2767,-293.4,-37.78,8.8
2767,2767.5,-288.6,-37.16,8.7
2767.5,2768,-288.5,-37.17,8.8
2768,2768.5,-281.1,-36.44,10.4
2768.5,2769,-279.3,-36.04,9
2769,2769.5,-285.7,-36.85,9.1
2769.5,2770,-288.8,-37.27,9.3
2770,2770.5,-294,-37.72,7.8
2770.5,2771,-295.8,-38.23,10.1
2771,2771.5,-285.6,-36.97,10.1
2771.5,2772,-272.1,-35.15,9
2772,2772.5,-278.3,-35.53,5.9
2772.5,2773.02,-277.9,-35.7,7.7
2773.02,2773.52,-279,-36.35,11.8
2773.52,2774.02,-285.8,-37.08,10.8
2774.02,2774.52,-286.5,-37.07,10.1
2774.52,2775.02,-289.4,-37.15,7.8
2775.02,2775.52,-293.1,-37.65,8.1
2775.52,2776.02,-293.1,-37.78,9.1
2776.02,2776.52,-293.3,-37.8,9.1
2776.52,2777.02,-293.8,-37.72,7.9
2777.02,2777.52,-295.9,-37.86,7
2777.52,2778.02,-295.6,-37.72,6.1
2778.02,2778.52,-298.3,-38.95,13.3
2778.52,2779,-296.7,-38.08,8
2779,2779.5,-294.7,-38.14,10.4
2779.5,2780,-295.1,-37.73,6.8
2780,2780.5,-292.5,-37.39,6.6
2780.5,2781,-295.1,-38.5,13
2781,2781.5,-295.7,-38.55,12.7
2781.5,2782,-295.9,-38.11,9
2783,2783.5,-298.7,-38.48,9.2
2783.5,2784,-297.2,-38.17,8.2
2784,2784.5,-297.2,-38.33,9.4
2784.5,2785,-300.8,-38.69,8.8
2785,2785.5,-300.3,-38.78,9.9
2785.5,2786,-300.8,-38.8,9.7
2786,2786.5,-300.3,-38.67,9.1
2786.5,2787,-298.1,-38.39,9
2787,2787.5,-296.2,-38.12,8.8
2787.5,2788,-296.3,-38.24,9.7
2788,2788.5,-296.4,-38.24,9.5
2788.5,2789,-299.3,-38.58,9.4
2789,2789.5,-296.7,-38.4,10.5
2789.5,2790,-292,-37.62,9
2790,2790.5,-289.2,-37.28,9.1
2790.5,2791,-290,-37.37,9
2791,2791.5,-290.6,-37.47,9.1
2791.5,2792,-288.9,-36.94,6.6
2792,2792.5,-289.2,-37.4,9.9
2792.5,2793,-290.8,-37.35,8
2793,2793.5,-288.5,-37.4,10.7
2793.5,2794,-291.3,-37.72,10.5
2794,2794.5,-291.9,-37.7,9.7
2794.5,2795,-293.2,-37.65,8
2795,2795.5,-293.5,-37.85,9.3
2795.5,2796,-292.5,-37.94,11
2797,2797.5,-292.8,-37.86,10.1
2797.5,2798,-292.5,-37.66,8.8
2798,2798.5,-292.5,-37.57,8.1
2798.5,2799,-291.7,-37.45,8
2799,2799.5,-294.4,-37.85,8.3
2799.5,2800,-300.8,-38.68,8.6
2800,2800.5,-301.6,-38.81,8.9
2800.5,2801,-302.4,-39.07,10.2
2803,2803.5,-307.8,-39.79,10.5
2803.5,2804,-305.8,-39.76,12.2
2805,2805.5,-280.4,-36.36,10.4
2805.5,2806,-280.1,-36.23,9.8
2807,2807.5,-310.4,-40.2,11.2
2807.5,2808,-311.1,-40.22,10.7
2808,2808.5,-308.1,-40.01,12
2808.5,2809,-310.7,-40.4,12.5
2809,2809.5,-304.6,-39.38,10.4
2809.5,2810,-310.1,-39.98,9.7
2810,2810.5,-308.1,-39.93,11.3
2810.5,2811,-309.1,-40.05,11.3
2811,2811.5,-308.5,-39.66,8.8
2811.5,2812,-311.9,-40.25,10.1
2812,2812.5,-299.9,-38.53,8.3
2812.5,2813,-299.4,-38.21,6.3
2813,2813.5,-298.8,-38.37,8.2
2813.5,2814,-302.8,-38.96,8.9
2814,2814.5,-303.9,-39.12,9.1
2814.5,2815,-301.1,-38.47,6.7
2816,2816.5,-282.8,-36.23,7
2816.5,2817,-281,-36.14,8.1
2817,2817.5,-283,-36.41,8.2
2817.5,2818,-284,-36.78,10.2
2818,2818.5,-282.2,-36.37,8.8
2818.5,2819.01,-281.9,-36.2,7.7
2820.01,2820.51,-283.9,-36.46,7.8
2820.51,2821.01,-281.2,-36.24,8.7
2821.12,2821.51,-284.1,-36.42,7.3
2821.51,2822.01,-285.1,-36.59,7.6
2822.01,2822.51,-284.7,-36.47,7
2822.51,2823.01,-285.9,-36.9,9.3
2823.01,2823.51,-284.1,-36.62,8.9
2823.51,2824.01,-285.5,-36.9,9.7
2824.01,2824.51,-290.7,-37.39,8.4
2824.51,2825,-279.4,-35.77,6.8
2825,2825.5,-278.7,-36.11,10.2
2825.5,2826,-286.6,-37,9.4
2826,2826.5,-285.2,-36.7,8.5
2826.5,2827,-282.7,-36.35,8.1
2827,2827.5,-280.9,-36.13,8.1
2827.5,2828,-284.5,-36.64,8.6
2828,2828.5,-285.7,-36.71,8
2828.5,2829,-286.7,-36.67,6.6
2829,2829.5,-299.1,-38.58,9.6
2829.5,2830,-297.8,-38.27,8.3
2831,2831.5,-286.6,-36.82,7.9
2831.5,2832,-283.4,-36.3,7
2832,2832.5,-283.1,-36.26,7
2832.5,2833,-281.4,-36.14,7.7
2833,2833.5,-284.2,-36.58,8.4
2833.5,2834,-297.7,-38.33,8.9
2834,2834.5,-289.1,-37.23,8.7
2834.5,2835,-279.2,-35.95,8.3
2835,2835.5,-281.6,-36.28,8.7
2835.5,2836,-287,-36.86,7.9
2836,2836.5,-284.9,-36.6,7.9
2836.5,2837,-282.9,-36.39,8.3
2837,2837.5,-289.3,-37.42,10
2837.5,2838,-279.7,-36.03,8.5
2838,2838.5,-283.5,-36.51,8.6
2838.5,2839,-284.5,-36.69,9
2839,2839.5,-291.1,-37.35,7.7
2839.5,2840,-268,-34.48,7.8
2840,2840.5,-254,-32.91,9.3
2840.5,2841,-255.8,-33.31,10.7
2841,2841.5,-257.8,-33.19,7.8
2841.5,2842,-253.9,-32.87,9.1
2842,2842.5,-255,-32.98,8.8
2842.5,2843,-255.3,-33.02,8.9
2843,2843.5,-254.8,-32.88,8.2
2843.5,2844,-256,-32.99,7.9
2844,2844.5,-256.3,-33.16,9
2844.5,2845,-251.4,-32.64,9.7
2845,2845.5,-246,-31.72,7.8
2845.5,2846,-242.6,-31.44,8.9
2847,2847.5,-248.7,-32.18,8.7
2847.5,2848,-252.7,-32.73,9.1
2850,2850.5,-290.5,-37.51,9.5
2850.5,2851,-293.7,-37.69,7.9
2851,2851.5,-293.2,-37.62,7.7
2851.5,2852,-294.1,-37.99,9.8
2852,2852.5,-300.2,-38.7,9.4
2852.5,2853,-292.2,-37.36,6.7
2853,2853.5,-287.6,-37.23,10.2
2853.5,2854,-283.9,-36.77,10.2
2854,2854.5,-256.6,-33.29,9.7
2854.5,2855,-243.2,-31.54,9.1
2856,2856.5,-299.6,-38.6,9.2
2856.5,2857,-294.9,-37.96,8.8
2857,2857.5,-296,-38.21,9.7
2857.5,2858,-297.5,-38.37,9.5
2858,2858.5,-287.3,-37.19,10.2
2858.5,2859,-287.8,-37.24,10.1
2859,2859.5,-285.4,-36.89,9.7
2859.5,2860,-271.5,-35.24,10.5
2860,2860.5,-242.5,-31.6,10.3
2860.5,2861,-245.7,-31.95,9.9
2863,2863.5,-286.2,-37.06,10.3
2863.5,2864,-287,-36.98,8.8
2864,2864.5,-287.1,-37.06,9.4
2864.5,2865,-284.6,-36.77,9.5
2865,2865.5,-287.7,-37.38,11.3
2865.5,2866,-286.7,-37.1,10.1
2867,2867.5,-284.1,-36.82,10.5
2867.5,2868,-288.1,-37.25,9.9
2868,2868.5,-284.5,-36.86,10.4
2868.5,2869,-298.7,-38.58,10
2869,2869.5,-297,-38.38,10
2869.5,2870,-292.5,-37.78,9.7
2870,2870.5,-283.8,-36.68,9.7
2870.5,2871,-283.8,-36.76,10.2
2871,2871.5,-284.1,-36.73,9.7
2871.5,2872,-284.2,-36.61,8.7
2872,2872.5,-291.4,-37.55,9
2872.5,2873,-296.1,-38.27,10.1
2873,2873.5,-293.1,-37.79,9.3
2873.5,2874,-292.2,-37.73,9.6
2875,2875.5,-288.1,-37.31,10.5
2875.5,2876,-282.9,-36.61,10
2876,2876.5,-282.5,-36.55,9.9
2876.5,2877,-281.9,-36.48,10
2877,2877.5,-282.9,-36.72,10.8
2877.5,2878,-285.3,-36.98,10.5
2878,2878.5,-290.5,-37.62,10.5
2878.5,2879,-293.9,-38.02,10.3
2879,2879.5,-294.9,-38.1,9.9
2879.5,2880,-291.1,-37.59,9.6
2880,2880.5,-289.3,-37.3,9.1
2880.5,2881,-293.3,-37.75,8.7
2881,2881.5,-287.7,-37.13,9.4
2881.5,2882,-287.4,-37.18,10.1
2883,2883.5,-248.1,-32.31,10.4
2883.5,2884,-288.9,-37.3,9.5
2884,2884.5,-285.9,-36.97,9.9
2884.5,2885,-287.5,-37.11,9.4
2885,2885.5,-293.1,-37.77,9.1
2885.5,2886,-285,-36.89,10.1
2886,2886.5,-287.7,-37.18,9.7
2886.5,2887,-262.8,-34.04,9.5
2887,2887.5,-281.3,-36.5,10.7
2887.5,2888,-282.9,-36.56,9.6
2888,2888.5,-284.9,-36.8,9.6
2888.5,2889,-284.8,-36.75,9.2
2889,2889.5,-283.2,-36.5,8.8
2889.5,2890,-289.3,-37.35,9.5
2890,2890.5,-277,-35.69,8.6
2890.5,2891,-265.8,-34.41,9.5
2893,2893.5,-298.3,-38.35,8.6
2893.5,2894,-298.8,-38.55,9.6
2894,2894.5,-281.1,-36.25,8.9
2894.5,2895,-278.3,-36.01,9.8
2895,2895.5,-283,-36.42,8.3
2895.5,2896,-283.5,-36.55,8.9
2897,2897.5,-304.9,-39.19,8.6
2897.5,2898,-306.6,-39.44,8.9
2898,2898.5,-314.2,-40.28,8.1
2898.5,2899,-306.9,-39.22,6.8
2899,2899.5,-310.8,-39.79,7.5
2899.5,2900,-311.6,-39.85,7.2
2900,2900.5,-315,-40.43,8.4
2900.5,2901,-315.6,-40.55,8.8
2901,2901.5,-310.4,-39.72,7.4
2901.5,2902,-315.7,-40.63,9.4
2902,2902.5,-314.9,-40.49,9
2902.5,2903,-317.8,-40.89,9.3
2903,2903.5,-316.5,-40.71,9.2
2903.5,2904,-317.4,-40.78,8.8
2904,2904.5,-316.3,-40.63,8.7
2904.5,2905,-317.9,-40.9,9.3
2905,2905.5,-318.5,-41.07,10.1
2905.5,2906,-317.9,-40.75,8.1
2906,2906.5,-320.9,-41.28,9.4
2906.5,2907.03,-312.9,-40.22,8.9
2907.03,2907.5,-319.4,-40.98,8.4
2907.5,2908,-312.5,-40.13,8.5
2908,2908.5,-315,-40.57,9.5
2908.5,2909,-311.7,-39.95,7.9
2909,2909.5,-313.9,-40.07,6.7
2909.5,2910,-309.2,-39.66,8.1
2910,2910.5,-310.2,-39.84,8.6
2910.5,2911,-309.3,-39.72,8.5
2911,2911.5,-309.2,-39.77,9
2911.5,2912,-310.1,-39.7,7.4
2912,2912.5,-308.2,-39.58,8.4
2912.5,2913,-307.5,-39.35,7.2
2913,2913.5,-300.3,-38.38,6.8
2913.5,2914,-307.6,-39.53,8.6
2914,2914.5,-301.5,-38.7,8.1
2914.5,2915,-297.4,-38.14,7.7
2915,2915.5,-306.8,-39.2,6.9
2915.5,2916,-307.8,-39.44,7.8
2916,2916.5,-305.2,-39.26,8.9
2916.5,2917,-308.7,-39.54,7.6
2917,2917.5,-308.9,-39.69,8.6
2917.5,2918,-313.8,-40.19,7.7
2918,2918.5,-314.2,-40.38,8.8
2918.5,2919,-312.4,-40.16,8.9
2919,2919.5,-303.6,-39.12,9.4
2919.5,2920,-307,-39.42,8.3
2920,2920.5,-306.5,-39.18,6.9
2920.5,2921,-293.9,-37.8,8.5
2923,2923.5,-290.4,-37.38,8.6
2923.5,2924,-305.7,-39.25,8.3
2924,2924.5,-305.9,-39.2,7.7
2924.5,2925,-311.4,-39.82,7.2
2925,2925.5,-308.2,-39.49,7.8
2925.5,2926,-308.8,-39.86,10.1
2926,2926.5,-308.5,-39.49,7.4
2926.5,2927,-302.4,-38.85,8.4
2927,2927.5,-312.9,-40.06,7.6
2927.5,2928,-316.3,-40.7,9.3
2928,2928.5,-311.7,-39.94,7.8
2928.5,2929,-308.7,-39.65,8.5
2929,2929.5,-309.2,-39.67,8.1
2929.5,2930,-312.2,-40.15,9
2930,2930.5,-313.1,-40.11,7.8
2930.5,2931,-315.9,-40.43,7.6
2931,2931.5,-314.2,-40.47,9.6
2931.5,2932,-309.3,-39.66,8
2932,2932.5,-310.7,-39.88,8.3
2932.5,2933,-309.4,-39.65,7.8
2933,2933.5,-306.2,-39.18,7.2
2933.5,2934,-306.1,-39.31,8.4
2934,2934.5,-317.5,-40.64,7.6
2934.5,2935,-318,-40.81,8.5
2935,2935.5,-309.5,-39.67,7.9
2935.5,2936,-307.1,-39.48,8.8
2936,2936.5,-308.3,-39.51,7.8
2936.5,2937,-309,-39.55,7.4
2937,2937.5,-308.6,-39.6,8.2
2937.5,2938,-308.9,-39.57,7.7
2938,2938.5,-309.4,-39.51,6.7
2938.5,2939,-309,-39.45,6.7
2939,2939.5,-307.2,-39.3,7.2
2939.5,2940,-309.3,-39.68,8.2
2940,2940.5,-312.9,-40.09,7.9
2940.5,2941,-309.8,-39.77,8.3
2941,2941.5,-313.2,-40.29,9.1
2941.5,2942.05,-310.8,-39.95,8.8
2943.11,2943.61,-304.5,-39.13,8.6
2943.61,2944.11,-306.7,-39.28,7.5
2944.11,2944.61,-311.4,-39.99,8.5
2944.61,2945.11,-311.2,-39.9,8
2945.11,2945.61,-309.3,-39.68,8.1
2945.61,2946.11,-300.1,-38.39,7
2947.11,2947.61,-308.1,-39.57,8.4
2947.61,2948,-308,-39.51,8.1
2949,2949.5,-256.8,-33.35,10
2949.5,2950,-244.3,-31.81,10.2
2950,2950.5,-295.6,-37.95,8
2950.5,2951,-305.1,-39.17,8.3
2953,2953.5,-250.8,-32.7,10.8
2953.5,2954.03,-288.3,-37.15,8.9
2954.03,2954.5,-254.6,-33,9.5
2954.5,2955,-250.6,-32.48,9.3
2955,2955.5,-241.7,999999,999999
2955.5,2956,-247.5,-32.22,10.2
2956,2956.5,-242.7,-31.62,10.3
2956.5,2957,-296.6,-38,7.4
2957,2957.5,-304.7,-39.15,8.5
2957.5,2958,-284.3,-36.63,8.8
2958,2958.5,-279.7,-35.67,5.6
2958.5,2959,-268.9,-34.94,10.7
2959,2959.5,-263.1,-34.22,10.6
2959.5,2960,-254.3,-32.91,9
2960,2960.5,-253.9,-32.93,9.5
2960.5,2961,-252.2,-32.92,11.1
2961,2961.5,-260.5,-33.8,9.9
2961.5,2962,-267.2,-34.55,9.2
2962,2962.5,-268.5,-34.77,9.6
2962.5,2963,-266,-34.59,10.8
2963,2963.5,-261.5,-34.03,10.8
2963.5,2964,-279.6,-36.11,9.3
2964,2964.5,-314.4,-40.42,8.9
2964.5,2965,-308.3,-39.62,8.7
2965,2965.5,-305.5,-39.33,9.1
2965.5,2966,-305.1,-39.12,7.9
2966,2966.5,-302.4,-38.68,7.1
2966.5,2967,-302.3,-38.63,6.8
2967,2967.5,-310.4,-39.78,7.8
2967.5,2968,-308.5,-39.62,8.5
2969,2969.5,-258,-33.52,10.1
2969.5,2970,-251.7,-32.71,10
2970,2970.5,-273.5,-35.4,9.7
2970.5,2971,-284.4,-36.63,8.6
2971,2971.5,-299.8,-38.33,6.8
2971.5,2972,-300.8,-38.36,6
2972,2972.5,-305,-39.02,7.1
2972.5,2973,-303.5,-38.9,7.7
2973,2973.5,-305.4,-39.13,7.7
2973.5,2974,-304.1,-38.84,6.6
2976,2976.5,-243.4,-31.64,9.7
2976.5,2977,-263.5,-33.91,7.8
2977,2977.5,-247.3,-32.18,10.2
2977.5,2978,-251.3,-32.58,9.4
2978,2978.5,-240.4,-31.53,11.9
2978.5,2979,-240.5,-31.52,11.6
2979,2979.5,-241.1,-31.54,11.3
2979.5,2980,-240.5,-31.37,10.5
2980,2980.5,-238.2,-31.17,11.1
2980.5,2981,-277.8,-36.03,10.5
2981,2981.5,-273.9,-35.59,10.9
2981.5,2982,-255.8,-33.22,10
2982,2982.5,-242.9,-31.62,10.1
2982.5,2983,-244,-31.85,10.8
2983,2983.5,-245.4,-32.32,13.2
2983.5,2984,-251.4,-32.77,10.7
2984,2984.5,-251.7,-32.73,10.1
2984.5,2985,-309.4,-39.57,7.1
2985,2985.5,-311.1,-39.89,8
2985.5,2986,-283.8,-36.72,9.9
2986,2986.5,-255.5,-33.38,11.5
2986.5,2987,-243.3,-31.73,10.5
2987,2987.5,-247.6,-32.21,10
2987.5,2988,-245.6,-32.02,10.5
2988,2988.5,-244.5,-32,11.5
2988.5,2989,-248,-32.26,10.1
2989,2989.5,-246,-32.01,10.1
2989.5,2990,-243.1,-31.6,9.7
2990,2990.5,-255.7,-33.2,9.8
2990.5,2991,-246.6,-32.08,10.1
2991,2991.5,-245.8,-32.12,11.2
2991.5,2992,-243,-31.75,11
2992,2992.5,-250.9,-32.47,8.9
2992.5,2993,-247,-32.11,9.9
2993,2993.5,-242.1,-31.52,10.1
2993.5,2994,-249.3,-32.31,9.2
2994,2994.5,-252.9,-32.74,9
2994.5,2995,-248.4,-32.3,10
2995,2995.5,-240.7,-31.34,10
2995.5,2996,-268.1,-34.84,10.7
2997,2997.5,-248.6,-32.37,10.3
2997.5,2998,-238.9,-31.22,10.9
2998,2998.5,-240.3,-31.12,8.7
2998.5,2999,-238.9,-30.97,8.9
2999,2999.5,-243.2,-31.77,11
2999.5,3000,-255,-33.15,10.2
3000,3000.5,-257.7,-33.48,10.1
3000.5,3001,-251.2,-32.63,9.8
3001,3001.5,-244.9,-31.82,9.7
3001.5,3002,-241,-31.42,10.3
3003,3003.5,-262.8,-34.09,9.9
3003.5,3004,-262.3,-33.74,7.6
3004,3004.5,-265.8,-34.37,9.2
3004.5,3005,-259.9,-33.49,8
3005,3005.5,-281.1,-36.32,9.5
3005.5,3006,-276.8,-35.76,9.3
3006,3006.5,-280.6,-36.02,7.6
3006.5,3007,-274.2,-35.33,8.5
3007,3007.5,-279.8,-35.98,8
3007.5,3008,-288.7,-37.13,8.3
3008,3008.5,-274.4,-35.44,9.1
3008.5,3009,-276.4,-35.54,7.9
3009,3009.5,-283.6,-36.41,7.7
3009.5,3010,-264.7,-33.98,7.2
3010,3010.5,-268.7,-34.78,9.5
3010.5,3011,-276.7,-35.68,8.8
3011,3011.5,-267,-34.48,8.8
3011.5,3012,-277.5,-35.79,8.9
3012,3012.5,-280.3,-36.13,8.7
3012.5,3013,-290.9,-37.75,11.1
3013,3013.5,-288.7,-37.22,9
3013.5,3014,-294.5,-38.06,9.9
3014,3014.5,-285.3,-36.7,8.3
3014.5,3015,-285.4,-36.66,7.8
3015,3015.5,-284.6,-37.16,12.7
3015.5,3016,-291.2,-37.89,11.9
3016,3016.5,-286.3,-36.92,9
3016.5,3017,-281.6,-36.44,10
3017,3017.5,-288.1,-37.23,9.8
3017.5,3018,-287.9,-37.04,8.4
3018,3018.5,-286.9,-36.91,8.3
3018.5,3019,-279,-35.94,8.6
3020,3020.5,-280.2,-36.2,9.3
3020.5,3021,-283.2,-36.42,8.1
3021,3021.5,-279.9,-36,8.1
3021.5,3022,-269.4,-34.71,8.3
3022,3022.5,-280.8,-36.18,8.6
3022.5,3023,-290.1,-37.5,9.8
3023,3023.5,-278.9,-36.01,9.1
3023.5,3024,-274.4,-35.53,9.8
3024,3024.5,-279.2,-36,8.8
3024.5,3025,-261.8,-33.97,9.9
3025,3025.5,-273.8,-35.37,9.2
3025.5,3026,-279.6,-36.14,9.6
3026,3026.5,-263.1,-33.95,8.5
3026.5,3027,-269.3,-34.86,9.6
3027,3027.5,-279.9,-36.12,9
3027.5,3028,-280.7,-36.11,8.2
3028,3028.5,-284.2,-36.66,9.1
3028.5,3029,-277.9,-35.79,8.4
3029,3029.5,-285.8,-36.88,9.3
3029.5,3030,-287.8,-37.12,9.2
3030,3030.5,-299.4,-38.63,9.6
3030.5,3031,-291.4,-37.58,9.2
3031,3031.5,-268.8,-34.79,9.5
3031.5,3032,-280.9,-36.24,9.1
3032,3032.5,-290.1,-37.44,9.4
3032.5,3033,-270.2,-34.97,9.5
3033,3033.5,-273.5,-35.29,8.8
3033.5,3034,-282.8,-36.45,8.8
3034,3034.5,-270.4,-34.97,9.3
3034.5,3035,-286.5,-36.88,8.6
3035,3035.5,-285.3,-36.82,9.3
3035.5,3036,-272.8,-35.27,9.3
3036,3036.5,-268.7,-34.79,9.7
3036.5,3037,-254.5,-33.15,10.7
3037,3037.5,-287.1,-37.04,9.2
3037.5,3038,-276.7,-35.78,9.5
3038,3038.5,-273.4,-35.5,10.6
3038.5,3039,-281.9,-36.53,10.3
